release_date,weekday,nyse_session,reference_month,status,query,retrieved
2005-01-19,Wed,1,2004-12,PAGE,Q3,2026-10-09T04:44Z..04:47Z (WebSearch; see websearch-log.md)
2005-02-23,Wed,1,2005-01,PAGE,Q3,2026-10-09T04:44Z..04:47Z (WebSearch; see websearch-log.md)
2005-03-23,Wed,1,2005-02,PAGE,Q3,2026-10-09T04:44Z..04:47Z (WebSearch; see websearch-log.md)
2005-04-20,Wed,1,2005-03,PAGE,Q3,2026-10-09T04:44Z..04:47Z (WebSearch; see websearch-log.md)
2005-05-18,Wed,1,2005-04,URL,Q3,2026-10-09T04:44Z..04:47Z (WebSearch; see websearch-log.md)
2005-06-15,Wed,1,2005-05,PAGE,Q3,2026-10-09T04:44Z..04:47Z (WebSearch; see websearch-log.md)
,,,2005-06,UNVERIFIED,Q3,2026-10-09T04:44Z..04:47Z (WebSearch; see websearch-log.md)
2005-08-16,Tue,1,2005-07,URL,Q3,2026-10-09T04:44Z..04:47Z (WebSearch; see websearch-log.md)
2005-09-15,Thu,1,2005-08,URL,Q3,2026-10-09T04:44Z..04:47Z (WebSearch; see websearch-log.md)
2005-10-14,Fri,1,2005-09,PAGE,Q3,2026-10-09T04:44Z..04:47Z (WebSearch; see websearch-log.md)
2005-11-16,Wed,1,2005-10,URL,Q3,2026-10-09T04:44Z..04:47Z (WebSearch; see websearch-log.md)
2005-12-15,Thu,1,2005-11,PAGE,Q3,2026-10-09T04:44Z..04:47Z (WebSearch; see websearch-log.md)
2006-01-18,Wed,1,2005-12,PAGE,Q3,2026-10-09T04:44Z..04:47Z (WebSearch; see websearch-log.md)
