statement_date,weekday,nyse_session,meeting_as_printed,kind,status,query,retrieved
2005-02-02,Wed,1,Feb 1-2,scheduled,URL,Q2,2026-10-09T04:44Z..04:47Z (WebSearch; see websearch-log.md)
2005-03-22,Tue,1,Mar 22,scheduled,URL,Q2,2026-10-09T04:44Z..04:47Z (WebSearch; see websearch-log.md)
2005-05-03,Tue,1,May 3,scheduled,URL,Q2,2026-10-09T04:44Z..04:47Z (WebSearch; see websearch-log.md)
2005-06-30,Thu,1,Jun 29-30,scheduled,URL,Q2,2026-10-09T04:44Z..04:47Z (WebSearch; see websearch-log.md)
2005-08-09,Tue,1,Aug 9,scheduled,URL,Q2,2026-10-09T04:44Z..04:47Z (WebSearch; see websearch-log.md)
2005-09-20,Tue,1,Sep 20,scheduled,PAGE,Q2,2026-10-09T04:44Z..04:47Z (WebSearch; see websearch-log.md)
2005-11-01,Tue,1,Nov 1,scheduled,PAGE,Q2,2026-10-09T04:44Z..04:47Z (WebSearch; see websearch-log.md)
2005-12-13,Tue,1,Dec 13,scheduled,URL,Q2,2026-10-09T04:44Z..04:47Z (WebSearch; see websearch-log.md)
2006-01-31,Tue,1,Jan 31,scheduled,PAGE,Q4,2026-10-09T04:44Z..04:47Z (WebSearch; see websearch-log.md)
2006-03-28,Tue,1,Mar 27-28,scheduled,URL,Q4,2026-10-09T04:44Z..04:47Z (WebSearch; see websearch-log.md)
2006-05-10,Wed,1,May 10,scheduled,URL,Q4,2026-10-09T04:44Z..04:47Z (WebSearch; see websearch-log.md)
2006-06-29,Thu,1,Jun 28-29,scheduled,URL,Q4,2026-10-09T04:44Z..04:47Z (WebSearch; see websearch-log.md)
2006-08-08,Tue,1,Aug 8,scheduled,URL,Q4,2026-10-09T04:44Z..04:47Z (WebSearch; see websearch-log.md)
2006-09-20,Wed,1,Sep 20,scheduled,PAGE,Q4,2026-10-09T04:44Z..04:47Z (WebSearch; see websearch-log.md)
2006-10-25,Wed,1,Oct 24-25,scheduled,URL,Q4,2026-10-09T04:44Z..04:47Z (WebSearch; see websearch-log.md)
2006-12-12,Tue,1,Dec 12,scheduled,PAGE,Q4,2026-10-09T04:44Z..04:47Z (WebSearch; see websearch-log.md)
2007-01-31,Wed,1,Jan 30-31,scheduled,URL,Q9,2026-10-09T04:44Z..04:47Z (WebSearch; see websearch-log.md)
2007-03-21,Wed,1,Mar 20-21,scheduled,URL,Q9,2026-10-09T04:44Z..04:47Z (WebSearch; see websearch-log.md)
2007-05-09,Wed,1,May 9,scheduled,URL,Q9,2026-10-09T04:44Z..04:47Z (WebSearch; see websearch-log.md)
2007-06-28,Thu,1,Jun 27-28,scheduled,MINUTES-REF,Q5,2026-10-09T04:44Z..04:47Z (WebSearch; see websearch-log.md)
2007-08-07,Tue,1,Aug 7,scheduled,URL,Q5,2026-10-09T04:44Z..04:47Z (WebSearch; see websearch-log.md)
2007-09-18,Tue,1,Sep 18,scheduled,URL,Q5,2026-10-09T04:44Z..04:47Z (WebSearch; see websearch-log.md)
2007-10-31,Wed,1,Oct 30-31,scheduled,URL,Q5,2026-10-09T04:44Z..04:47Z (WebSearch; see websearch-log.md)
2007-12-11,Tue,1,Dec 11,scheduled,URL,Q5,2026-10-09T04:44Z..04:47Z (WebSearch; see websearch-log.md)
2008-01-30,Wed,1,Jan 29-30,scheduled,URL,Q6,2026-10-09T04:44Z..04:47Z (WebSearch; see websearch-log.md)
2008-03-18,Tue,1,Mar 18,scheduled,URL,Q6,2026-10-09T04:44Z..04:47Z (WebSearch; see websearch-log.md)
2008-04-30,Wed,1,Apr 29-30,scheduled,URL,Q6,2026-10-09T04:44Z..04:47Z (WebSearch; see websearch-log.md)
2008-06-25,Wed,1,Jun 24-25,scheduled,URL,Q6,2026-10-09T04:44Z..04:47Z (WebSearch; see websearch-log.md)
2008-08-05,Tue,1,Aug 5,scheduled,URL,Q6,2026-10-09T04:44Z..04:47Z (WebSearch; see websearch-log.md)
2008-09-16,Tue,1,Sep 16,scheduled,URL,Q6,2026-10-09T04:44Z..04:47Z (WebSearch; see websearch-log.md)
2008-10-29,Wed,1,Oct 28-29,scheduled,URL,Q6,2026-10-09T04:44Z..04:47Z (WebSearch; see websearch-log.md)
2008-12-16,Tue,1,Dec 15-16,scheduled,URL,Q6,2026-10-09T04:44Z..04:47Z (WebSearch; see websearch-log.md)
2009-01-28,Wed,1,Jan 27-28,scheduled,URL,Q7,2026-10-09T04:44Z..04:47Z (WebSearch; see websearch-log.md)
2009-03-18,Wed,1,Mar 17-18,scheduled,URL,Q7,2026-10-09T04:44Z..04:47Z (WebSearch; see websearch-log.md)
2009-04-29,Wed,1,Apr 28-29,scheduled,URL,Q7,2026-10-09T04:44Z..04:47Z (WebSearch; see websearch-log.md)
2009-06-24,Wed,1,Jun 23-24,scheduled,URL,Q7,2026-10-09T04:44Z..04:47Z (WebSearch; see websearch-log.md)
2009-08-12,Wed,1,Aug 11-12,scheduled,URL,Q7,2026-10-09T04:44Z..04:47Z (WebSearch; see websearch-log.md)
2009-09-23,Wed,1,Sep 22-23,scheduled,URL,Q7,2026-10-09T04:44Z..04:47Z (WebSearch; see websearch-log.md)
2009-11-04,Wed,1,Nov 3-4,scheduled,URL,Q7,2026-10-09T04:44Z..04:47Z (WebSearch; see websearch-log.md)
2009-12-16,Wed,1,Dec 15-16,scheduled,MINUTES-REF,Q7,2026-10-09T04:44Z..04:47Z (WebSearch; see websearch-log.md)
2010-01-27,Wed,1,Jan 26-27,scheduled,PAGE,Q8,2026-10-09T04:44Z..04:47Z (WebSearch; see websearch-log.md)
2010-03-16,Tue,1,Mar 16,scheduled,PAGE,Q8,2026-10-09T04:44Z..04:47Z (WebSearch; see websearch-log.md)
2010-04-28,Wed,1,Apr 27-28,scheduled,PAGE,Q8,2026-10-09T04:44Z..04:47Z (WebSearch; see websearch-log.md)
2010-06-23,Wed,1,Jun 22-23,scheduled,PAGE,Q8,2026-10-09T04:44Z..04:47Z (WebSearch; see websearch-log.md)
2010-08-10,Tue,1,Aug 10,scheduled,PAGE,Q8,2026-10-09T04:44Z..04:47Z (WebSearch; see websearch-log.md)
2010-09-21,Tue,1,Sep 21,scheduled,URL,Q8,2026-10-09T04:44Z..04:47Z (WebSearch; see websearch-log.md)
2010-11-03,Wed,1,Nov 2-3,scheduled,URL,Q8,2026-10-09T04:44Z..04:47Z (WebSearch; see websearch-log.md)
2010-12-14,Tue,1,Dec 14,scheduled,URL,Q8,2026-10-09T04:44Z..04:47Z (WebSearch; see websearch-log.md)
2011-01-26,Wed,1,Jan 25-26,scheduled,PAGE,Q10,2026-10-09T04:44Z..04:47Z (WebSearch; see websearch-log.md)
2011-03-15,Tue,1,Mar 15,scheduled,URL,Q10,2026-10-09T04:44Z..04:47Z (WebSearch; see websearch-log.md)
2011-04-27,Wed,1,Apr 26-27,scheduled,URL,Q10,2026-10-09T04:44Z..04:47Z (WebSearch; see websearch-log.md)
2011-06-22,Wed,1,Jun 21-22,scheduled,URL,Q10,2026-10-09T04:44Z..04:47Z (WebSearch; see websearch-log.md)
2011-08-09,Tue,1,Aug 9,scheduled,PAGE,Q10,2026-10-09T04:44Z..04:47Z (WebSearch; see websearch-log.md)
2011-09-21,Wed,1,Sep 20-21,scheduled,URL,Q10,2026-10-09T04:44Z..04:47Z (WebSearch; see websearch-log.md)
2011-11-02,Wed,1,Nov 1-2,scheduled,URL,Q10,2026-10-09T04:44Z..04:47Z (WebSearch; see websearch-log.md)
2011-12-13,Tue,1,Dec 13,scheduled,URL,Q10,2026-10-09T04:44Z..04:47Z (WebSearch; see websearch-log.md)
2012-01-25,Wed,1,Jan 24-25,scheduled,URL,Q11,2026-10-09T04:44Z..04:47Z (WebSearch; see websearch-log.md)
2012-03-13,Tue,1,Mar 13,scheduled,URL,Q13,2026-10-09T04:44Z..04:47Z (WebSearch; see websearch-log.md)
2012-04-25,Wed,1,Apr 24-25,scheduled,URL,Q11,2026-10-09T04:44Z..04:47Z (WebSearch; see websearch-log.md)
2012-06-20,Wed,1,Jun 19-20,scheduled,URL,Q11,2026-10-09T04:44Z..04:47Z (WebSearch; see websearch-log.md)
2012-08-01,Wed,1,Jul 31-Aug 1,scheduled,URL,Q11,2026-10-09T04:44Z..04:47Z (WebSearch; see websearch-log.md)
2012-09-13,Thu,1,Sep 12-13,scheduled,URL,Q11,2026-10-09T04:44Z..04:47Z (WebSearch; see websearch-log.md)
2012-10-24,Wed,1,Oct 23-24,scheduled,URL,Q13,2026-10-09T04:44Z..04:47Z (WebSearch; see websearch-log.md)
2012-12-12,Wed,1,Dec 11-12,scheduled,URL,Q11,2026-10-09T04:44Z..04:47Z (WebSearch; see websearch-log.md)
2013-01-30,Wed,1,Jan 29-30,scheduled,PAGE,Q12,2026-10-09T04:44Z..04:47Z (WebSearch; see websearch-log.md)
2013-03-20,Wed,1,Mar 19-20,scheduled,URL,Q12,2026-10-09T04:44Z..04:47Z (WebSearch; see websearch-log.md)
2013-05-01,Wed,1,Apr 30-May 1,scheduled,PAGE,Q12,2026-10-09T04:44Z..04:47Z (WebSearch; see websearch-log.md)
2013-06-19,Wed,1,Jun 18-19,scheduled,URL,Q12,2026-10-09T04:44Z..04:47Z (WebSearch; see websearch-log.md)
2013-07-31,Wed,1,Jul 30-31,scheduled,PAGE,Q12,2026-10-09T04:44Z..04:47Z (WebSearch; see websearch-log.md)
2013-09-18,Wed,1,Sep 17-18,scheduled,URL,Q12,2026-10-09T04:44Z..04:47Z (WebSearch; see websearch-log.md)
2013-10-30,Wed,1,Oct 29-30,scheduled,PAGE,Q12,2026-10-09T04:44Z..04:47Z (WebSearch; see websearch-log.md)
2013-12-18,Wed,1,Dec 17-18,scheduled,URL,Q12,2026-10-09T04:44Z..04:47Z (WebSearch; see websearch-log.md)
2014-01-29,Wed,1,Jan 28-29,scheduled,URL,Q14,2026-10-09T04:44Z..04:47Z (WebSearch; see websearch-log.md)
2014-03-19,Wed,1,Mar 18-19,scheduled,URL,Q14,2026-10-09T04:44Z..04:47Z (WebSearch; see websearch-log.md)
,,,April 2014 meeting,scheduled,UNVERIFIED,Q14,2026-10-09T04:44Z..04:47Z (WebSearch; see websearch-log.md)
2014-06-18,Wed,1,Jun 17-18,scheduled,URL,Q14,2026-10-09T04:44Z..04:47Z (WebSearch; see websearch-log.md)
2014-07-30,Wed,1,Jul 29-30,scheduled,URL,Q14,2026-10-09T04:44Z..04:47Z (WebSearch; see websearch-log.md)
2014-09-17,Wed,1,Sep 16-17,scheduled,URL,Q14,2026-10-09T04:44Z..04:47Z (WebSearch; see websearch-log.md)
2014-10-29,Wed,1,Oct 28-29,scheduled,URL,Q14,2026-10-09T04:44Z..04:47Z (WebSearch; see websearch-log.md)
2014-12-17,Wed,1,Dec 16-17,scheduled,URL,Q14,2026-10-09T04:44Z..04:47Z (WebSearch; see websearch-log.md)
2015-01-28,Wed,1,Jan 27-28,scheduled,PAGE,Q15,2026-10-09T04:44Z..04:47Z (WebSearch; see websearch-log.md)
2015-03-18,Wed,1,Mar 17-18,scheduled,URL,Q15,2026-10-09T04:44Z..04:47Z (WebSearch; see websearch-log.md)
2015-04-29,Wed,1,Apr 28-29,scheduled,PAGE,Q15,2026-10-09T04:44Z..04:47Z (WebSearch; see websearch-log.md)
2015-06-17,Wed,1,Jun 16-17,scheduled,URL,Q15,2026-10-09T04:44Z..04:47Z (WebSearch; see websearch-log.md)
2015-07-29,Wed,1,Jul 28-29,scheduled,URL,Q15,2026-10-09T04:44Z..04:47Z (WebSearch; see websearch-log.md)
2015-09-17,Thu,1,Sep 16-17,scheduled,URL,Q15,2026-10-09T04:44Z..04:47Z (WebSearch; see websearch-log.md)
2015-10-28,Wed,1,Oct 27-28,scheduled,URL,Q15,2026-10-09T04:44Z..04:47Z (WebSearch; see websearch-log.md)
2015-12-16,Wed,1,Dec 15-16,scheduled,URL,Q15,2026-10-09T04:44Z..04:47Z (WebSearch; see websearch-log.md)
2016-01-27,Wed,1,Jan 26-27,scheduled,MINUTES-REF,Q16,2026-10-09T04:44Z..04:47Z (WebSearch; see websearch-log.md)
2016-03-16,Wed,1,Mar 15-16,scheduled,URL,Q16,2026-10-09T04:44Z..04:47Z (WebSearch; see websearch-log.md)
2016-04-27,Wed,1,Apr 26-27,scheduled,MINUTES-REF,Q16,2026-10-09T04:44Z..04:47Z (WebSearch; see websearch-log.md)
2016-06-15,Wed,1,Jun 14-15,scheduled,URL,Q16,2026-10-09T04:44Z..04:47Z (WebSearch; see websearch-log.md)
2016-07-27,Wed,1,Jul 26-27,scheduled,URL,Q16,2026-10-09T04:44Z..04:47Z (WebSearch; see websearch-log.md)
2016-09-21,Wed,1,Sep 20-21,scheduled,URL,Q16,2026-10-09T04:44Z..04:47Z (WebSearch; see websearch-log.md)
2016-11-02,Wed,1,Nov 1-2,scheduled,URL,Q16,2026-10-09T04:44Z..04:47Z (WebSearch; see websearch-log.md)
2016-12-14,Wed,1,Dec 13-14,scheduled,URL,Q16,2026-10-09T04:44Z..04:47Z (WebSearch; see websearch-log.md)
,,,all 2017 meetings,scheduled,UNVERIFIED,-,2026-10-09T04:44Z..04:47Z (WebSearch; see websearch-log.md)
,,,all 2018 meetings,scheduled,UNVERIFIED,-,2026-10-09T04:44Z..04:47Z (WebSearch; see websearch-log.md)
,,,all 2019 meetings,scheduled,UNVERIFIED,-,2026-10-09T04:44Z..04:47Z (WebSearch; see websearch-log.md)
,,,all 2020 meetings,scheduled,UNVERIFIED,-,2026-10-09T04:44Z..04:47Z (WebSearch; see websearch-log.md)
,,,all 2021 meetings,scheduled,UNVERIFIED,-,2026-10-09T04:44Z..04:47Z (WebSearch; see websearch-log.md)
,,,all 2022 meetings,scheduled,UNVERIFIED,-,2026-10-09T04:44Z..04:47Z (WebSearch; see websearch-log.md)
,,,all 2023 meetings,scheduled,UNVERIFIED,-,2026-10-09T04:44Z..04:47Z (WebSearch; see websearch-log.md)
,,,all 2024 meetings,scheduled,UNVERIFIED,-,2026-10-09T04:44Z..04:47Z (WebSearch; see websearch-log.md)
2025-01-29,Wed,1,Jan 28-29,scheduled,SECONDARY,Q1,2026-10-09T04:44Z..04:47Z (WebSearch; see websearch-log.md)
2025-03-19,Wed,1,Mar 18-19,scheduled,SECONDARY,Q1,2026-10-09T04:44Z..04:47Z (WebSearch; see websearch-log.md)
2025-05-07,Wed,1,May 6-7,scheduled,SECONDARY,Q1,2026-10-09T04:44Z..04:47Z (WebSearch; see websearch-log.md)
2025-06-18,Wed,1,Jun 17-18,scheduled,SECONDARY,Q1,2026-10-09T04:44Z..04:47Z (WebSearch; see websearch-log.md)
2025-07-30,Wed,1,Jul 29-30,scheduled,SECONDARY,Q1,2026-10-09T04:44Z..04:47Z (WebSearch; see websearch-log.md)
2025-09-17,Wed,1,Sep 16-17,scheduled,SECONDARY,Q1,2026-10-09T04:44Z..04:47Z (WebSearch; see websearch-log.md)
2025-10-29,Wed,1,Oct 28-29,scheduled,SECONDARY,Q1,2026-10-09T04:44Z..04:47Z (WebSearch; see websearch-log.md)
2025-12-10,Wed,1,Dec 9-10,scheduled,SECONDARY,Q1,2026-10-09T04:44Z..04:47Z (WebSearch; see websearch-log.md)
2026-01-28,Wed,1,Jan 27-28,scheduled,PAGE,Q1,2026-10-09T04:44Z..04:47Z (WebSearch; see websearch-log.md)
2026-03-18,Wed,1,Mar 17-18,scheduled,PAGE,Q1,2026-10-09T04:44Z..04:47Z (WebSearch; see websearch-log.md)
2026-04-29,Wed,1,Apr 28-29,scheduled,PAGE,Q1,2026-10-09T04:44Z..04:47Z (WebSearch; see websearch-log.md)
2026-06-17,Wed,1,Jun 16-17,scheduled,PAGE,Q1,2026-10-09T04:44Z..04:47Z (WebSearch; see websearch-log.md)
2026-07-29,Wed,1,Jul 28-29,scheduled,PAGE,Q1,2026-10-09T04:44Z..04:47Z (WebSearch; see websearch-log.md)
2026-09-16,Wed,1,Sep 15-16,scheduled,PAGE,Q1,2026-10-09T04:44Z..04:47Z (WebSearch; see websearch-log.md)
2026-10-28,Wed,1,Oct 27-28 (future at retrieval),scheduled,PAGE,Q1,2026-10-09T04:44Z..04:47Z (WebSearch; see websearch-log.md)
2026-12-09,Wed,1,Dec 8-9 (future at retrieval),scheduled,PAGE,Q1,2026-10-09T04:44Z..04:47Z (WebSearch; see websearch-log.md)
2007-08-10,Fri,1,conference call (URL FOMC20070810confcall.pdf); a liquidity statement that day per the result,intermeeting (found; list not complete),URL,Q5,2026-10-09T04:44Z..04:47Z (WebSearch; see websearch-log.md)
2007-08-16,Thu,1,conference call; statement date not established by the search,intermeeting (found; list not complete),PAGE,Q5,2026-10-09T04:44Z..04:47Z (WebSearch; see websearch-log.md)
2007-12-06,Thu,1,conference call (Term Auction Facility proposals); statement date not established,intermeeting (found; list not complete),PAGE,Q5,2026-10-09T04:44Z..04:47Z (WebSearch; see websearch-log.md)
2008-01-09,Wed,1,conference call; no action stated,intermeeting (found; list not complete),PAGE,Q6,2026-10-09T04:44Z..04:47Z (WebSearch; see websearch-log.md)
2008-01-22,Tue,1,statement following the 2008-01-21 call ('statement text to be released the next morning'),intermeeting (found; list not complete),PAGE,Q6,2026-10-09T04:44Z..04:47Z (WebSearch; see websearch-log.md)
2008-03-10,Mon,1,conference call (liquidity / TSLF); statement date not established,intermeeting (found; list not complete),PAGE,Q6,2026-10-09T04:44Z..04:47Z (WebSearch; see websearch-log.md)
2008-07-24,Thu,1,joint session with the Board (liquidity facilities); statement date not established,intermeeting (found; list not complete),PAGE,Q6,2026-10-09T04:44Z..04:47Z (WebSearch; see websearch-log.md)
2008-09-29,Mon,1,conference call (swap lines); statement date not established,intermeeting (found; list not complete),PAGE,Q6,2026-10-09T04:44Z..04:47Z (WebSearch; see websearch-log.md)
2008-10-08,Wed,1,coordinated 50 bp cut decided on the 2008-10-07 call (URL FOMC20081007confcall.pdf),intermeeting (found; list not complete),PAGE,Q6,2026-10-09T04:44Z..04:47Z (WebSearch; see websearch-log.md)
2009-01-16,Fri,1,conference call; no decision,intermeeting (found; list not complete),PAGE,Q7,2026-10-09T04:44Z..04:47Z (WebSearch; see websearch-log.md)
2009-02-07,Sat,0,joint call with the Board; statement date not established,intermeeting (found; list not complete),PAGE,Q7,2026-10-09T04:44Z..04:47Z (WebSearch; see websearch-log.md)
2009-06-03,Wed,1,joint call (URL FOMC20090603confcall.pdf); statement date not established,intermeeting (found; list not complete),URL,Q7,2026-10-09T04:44Z..04:47Z (WebSearch; see websearch-log.md)
2010-05-09,Sun,0,conference call WITH a statement (listed on fomchistorical2010.htm),intermeeting (found; list not complete),PAGE,Q8,2026-10-09T04:44Z..04:47Z (WebSearch; see websearch-log.md)
2010-10-15,Fri,1,"videoconference, no policy decision (URL FOMC20101015confcall.pdf)",intermeeting (found; list not complete),URL,Q8,2026-10-09T04:44Z..04:47Z (WebSearch; see websearch-log.md)
