ex_date,amount_usd,type,position_vs_T,"in_[T-3,T+3]",source
2012-06-15,0.14312,Cash,T-10,0,https://api.nasdaq.com/api/quote/QQQ/dividends?assetclass=etf (fetched 2026-10-09T05:36:58Z)
2013-03-15,0.15931,Cash,T-9,0,https://api.nasdaq.com/api/quote/QQQ/dividends?assetclass=etf (fetched 2026-10-09T05:36:58Z)
2013-06-21,0.22361,Cash,T-5,0,https://api.nasdaq.com/api/quote/QQQ/dividends?assetclass=etf (fetched 2026-10-09T05:36:58Z)
2013-09-20,0.23771,Cash,T-6,0,https://api.nasdaq.com/api/quote/QQQ/dividends?assetclass=etf (fetched 2026-10-09T05:36:58Z)
2013-12-20,0.27241,Cash,T-6,0,https://api.nasdaq.com/api/quote/QQQ/dividends?assetclass=etf (fetched 2026-10-09T05:36:58Z)
2014-02-27,0.37313,Cash,T-1,1,https://api.nasdaq.com/api/quote/QQQ/dividends?assetclass=etf (fetched 2026-10-09T05:36:58Z)
2014-03-21,0.20606,Cash,T-6,0,https://api.nasdaq.com/api/quote/QQQ/dividends?assetclass=etf (fetched 2026-10-09T05:36:58Z)
2014-06-20,0.2491,Cash,T-6,0,https://api.nasdaq.com/api/quote/QQQ/dividends?assetclass=etf (fetched 2026-10-09T05:36:58Z)
2014-09-19,0.2378,Cash,T-7,0,https://api.nasdaq.com/api/quote/QQQ/dividends?assetclass=etf (fetched 2026-10-09T05:36:58Z)
2014-12-19,0.38681,Cash,T-7,0,https://api.nasdaq.com/api/quote/QQQ/dividends?assetclass=etf (fetched 2026-10-09T05:36:58Z)
2015-03-20,0.24806,Cash,T-7,0,https://api.nasdaq.com/api/quote/QQQ/dividends?assetclass=etf (fetched 2026-10-09T05:36:58Z)
2015-06-19,0.25416,Cash,T-7,0,https://api.nasdaq.com/api/quote/QQQ/dividends?assetclass=etf (fetched 2026-10-09T05:36:58Z)
2015-09-18,0.26002,Cash,T-8,0,https://api.nasdaq.com/api/quote/QQQ/dividends?assetclass=etf (fetched 2026-10-09T05:36:58Z)
2015-12-18,0.34233,Cash,T-8,0,https://api.nasdaq.com/api/quote/QQQ/dividends?assetclass=etf (fetched 2026-10-09T05:36:58Z)
2016-03-18,0.3178,Cash,T-8,0,https://api.nasdaq.com/api/quote/QQQ/dividends?assetclass=etf (fetched 2026-10-09T05:36:58Z)
2016-06-17,0.28665,Cash,T-9,0,https://api.nasdaq.com/api/quote/QQQ/dividends?assetclass=etf (fetched 2026-10-09T05:36:58Z)
2016-09-16,0.29387,Cash,T-10,0,https://api.nasdaq.com/api/quote/QQQ/dividends?assetclass=etf (fetched 2026-10-09T05:36:58Z)
2016-12-16,0.35494,Cash,T-9,0,https://api.nasdaq.com/api/quote/QQQ/dividends?assetclass=etf (fetched 2026-10-09T05:36:58Z)
2017-03-17,0.27415,Cash,T-10,0,https://api.nasdaq.com/api/quote/QQQ/dividends?assetclass=etf (fetched 2026-10-09T05:36:58Z)
2017-06-16,0.37842,Cash,T-10,0,https://api.nasdaq.com/api/quote/QQQ/dividends?assetclass=etf (fetched 2026-10-09T05:36:58Z)
2017-09-18,0.31938,Cash,T-9,0,https://api.nasdaq.com/api/quote/QQQ/dividends?assetclass=etf (fetched 2026-10-09T05:36:58Z)
2017-12-18,0.32941,Cash,T-8,0,https://api.nasdaq.com/api/quote/QQQ/dividends?assetclass=etf (fetched 2026-10-09T05:36:58Z)
2018-03-19,0.27655,Cash,T-8,0,https://api.nasdaq.com/api/quote/QQQ/dividends?assetclass=etf (fetched 2026-10-09T05:36:58Z)
2018-06-18,0.37837,Cash,T-9,0,https://api.nasdaq.com/api/quote/QQQ/dividends?assetclass=etf (fetched 2026-10-09T05:36:58Z)
2018-09-24,0.32975,Cash,T-4,0,https://api.nasdaq.com/api/quote/QQQ/dividends?assetclass=etf (fetched 2026-10-09T05:36:58Z)
2018-12-24,0.42061,Cash,T-4,0,https://api.nasdaq.com/api/quote/QQQ/dividends?assetclass=etf (fetched 2026-10-09T05:36:58Z)
2019-03-18,0.32421,Cash,T-9,0,https://api.nasdaq.com/api/quote/QQQ/dividends?assetclass=etf (fetched 2026-10-09T05:36:58Z)
2019-06-24,0.41558,Cash,T-4,0,https://api.nasdaq.com/api/quote/QQQ/dividends?assetclass=etf (fetched 2026-10-09T05:36:58Z)
2019-09-23,0.38415,Cash,T-5,0,https://api.nasdaq.com/api/quote/QQQ/dividends?assetclass=etf (fetched 2026-10-09T05:36:58Z)
2019-12-23,0.45765,Cash,T-5,0,https://api.nasdaq.com/api/quote/QQQ/dividends?assetclass=etf (fetched 2026-10-09T05:36:58Z)
2020-03-23,0.36269,Cash,T-6,0,https://api.nasdaq.com/api/quote/QQQ/dividends?assetclass=etf (fetched 2026-10-09T05:36:58Z)
2020-06-22,0.42426,Cash,T-6,0,https://api.nasdaq.com/api/quote/QQQ/dividends?assetclass=etf (fetched 2026-10-09T05:36:58Z)
2020-09-21,0.38824,Cash,T-7,0,https://api.nasdaq.com/api/quote/QQQ/dividends?assetclass=etf (fetched 2026-10-09T05:36:58Z)
2020-12-21,0.56133,Cash,T-7,0,https://api.nasdaq.com/api/quote/QQQ/dividends?assetclass=etf (fetched 2026-10-09T05:36:58Z)
2021-03-22,0.39468,Cash,T-7,0,https://api.nasdaq.com/api/quote/QQQ/dividends?assetclass=etf (fetched 2026-10-09T05:36:58Z)
2021-06-21,0.39679,Cash,T-7,0,https://api.nasdaq.com/api/quote/QQQ/dividends?assetclass=etf (fetched 2026-10-09T05:36:58Z)
2021-09-20,0.41391,Cash,T-8,0,https://api.nasdaq.com/api/quote/QQQ/dividends?assetclass=etf (fetched 2026-10-09T05:36:58Z)
2021-12-20,0.49141,Cash,T-8,0,https://api.nasdaq.com/api/quote/QQQ/dividends?assetclass=etf (fetched 2026-10-09T05:36:58Z)
2022-03-21,0.43369,Cash,T-8,0,https://api.nasdaq.com/api/quote/QQQ/dividends?assetclass=etf (fetched 2026-10-09T05:36:58Z)
2022-06-21,0.5274,Cash,T-7,0,https://api.nasdaq.com/api/quote/QQQ/dividends?assetclass=etf (fetched 2026-10-09T05:36:58Z)
2022-09-19,0.51856,Cash,T-9,0,https://api.nasdaq.com/api/quote/QQQ/dividends?assetclass=etf (fetched 2026-10-09T05:36:58Z)
2022-12-19,0.65541,Cash,T-8,0,https://api.nasdaq.com/api/quote/QQQ/dividends?assetclass=etf (fetched 2026-10-09T05:36:58Z)
2023-03-20,0.47223,Cash,T-9,0,https://api.nasdaq.com/api/quote/QQQ/dividends?assetclass=etf (fetched 2026-10-09T05:36:58Z)
2023-06-20,0.50395,Cash,T-8,0,https://api.nasdaq.com/api/quote/QQQ/dividends?assetclass=etf (fetched 2026-10-09T05:36:58Z)
2023-09-18,0.53555,Cash,T-9,0,https://api.nasdaq.com/api/quote/QQQ/dividends?assetclass=etf (fetched 2026-10-09T05:36:58Z)
2023-12-18,0.80826,Cash,T-8,0,https://api.nasdaq.com/api/quote/QQQ/dividends?assetclass=etf (fetched 2026-10-09T05:36:58Z)
2023-12-27,0.21584,Cash,T-2,1,https://api.nasdaq.com/api/quote/QQQ/dividends?assetclass=etf (fetched 2026-10-09T05:36:58Z)
2024-03-18,0.57345,Cash,T-8,0,https://api.nasdaq.com/api/quote/QQQ/dividends?assetclass=etf (fetched 2026-10-09T05:36:58Z)
2024-06-24,0.7615,Cash,T-4,0,https://api.nasdaq.com/api/quote/QQQ/dividends?assetclass=etf (fetched 2026-10-09T05:36:58Z)
2024-09-23,0.67686,Cash,T-5,0,https://api.nasdaq.com/api/quote/QQQ/dividends?assetclass=etf (fetched 2026-10-09T05:36:58Z)
2024-12-23,0.83466,Cash,T-5,0,https://api.nasdaq.com/api/quote/QQQ/dividends?assetclass=etf (fetched 2026-10-09T05:36:58Z)
2025-03-24,0.71571,Cash,T-5,0,https://api.nasdaq.com/api/quote/QQQ/dividends?assetclass=etf (fetched 2026-10-09T05:36:58Z)
2025-06-23,0.59111,Cash,T-5,0,https://api.nasdaq.com/api/quote/QQQ/dividends?assetclass=etf (fetched 2026-10-09T05:36:58Z)
2025-09-22,0.69395,Cash,T-6,0,https://api.nasdaq.com/api/quote/QQQ/dividends?assetclass=etf (fetched 2026-10-09T05:36:58Z)
2025-12-22,0.79408,Cash,T-6,0,https://api.nasdaq.com/api/quote/QQQ/dividends?assetclass=etf (fetched 2026-10-09T05:36:58Z)
2026-03-23,0.73282,Cash,T-6,0,https://api.nasdaq.com/api/quote/QQQ/dividends?assetclass=etf (fetched 2026-10-09T05:36:58Z)
2026-06-22,0.81349,Cash,T-6,0,https://api.nasdaq.com/api/quote/QQQ/dividends?assetclass=etf (fetched 2026-10-09T05:36:58Z)
2026-09-21,0.75143,Cash,T-7,0,https://api.nasdaq.com/api/quote/QQQ/dividends?assetclass=etf (fetched 2026-10-09T05:36:58Z)
