ex_date,weekday,amount_usd,type,record_date,payment_date,scheduled_session,position_vs_T,in_S2_window_T-2..T,"in_[T-3,T+3]","D_over_prev_close_bp(nasdaq, 2016-10+)"
2002-09-03,Tue,0.3726,Cash,09/03/2002,N/A,1,T+1,0,1,
2002-10-01,Tue,0.342703,Cash,10/01/2002,N/A,1,T+1,0,1,
2002-11-01,Fri,0.388845,Cash,11/01/2002,N/A,1,T+1,0,1,
2002-12-02,Mon,0.389457,Cash,12/02/2002,N/A,1,T+1,0,1,
2003-02-03,Mon,0.307552,Cash,02/03/2003,N/A,1,T+1,0,1,
2003-04-01,Tue,0.377929,Cash,04/01/2003,N/A,1,T+1,0,1,
2003-05-01,Thu,0.472992,Cash,05/01/2003,N/A,1,T+1,0,1,
2003-09-02,Tue,0.371994,Cash,09/04/2003,08/12/2003,1,T+1,0,1,
2003-10-01,Wed,0.3668,Cash,10/01/2003,08/12/2003,1,T+1,0,1,
2003-11-03,Mon,0.3479,Cash,11/03/2003,08/12/2003,1,T+1,0,1,
2003-12-31,Wed,0.399746,Cash,12/31/2003,08/12/2003,1,T-0,1,1,
2004-02-02,Mon,0.3581,Cash,02/02/2004,08/12/2003,1,T+1,0,1,
2004-03-01,Mon,0.3555,Cash,03/01/2004,N/A,1,T+1,0,1,
2004-08-02,Mon,0.329892,Cash,08/04/2004,08/06/2004,1,T+1,0,1,
2004-09-01,Wed,0.350117,Cash,09/03/2004,09/08/2004,1,T+1,0,1,
2004-10-01,Fri,0.360744,Cash,10/05/2004,10/07/2004,1,T+1,0,1,
2004-11-01,Mon,0.366197,Cash,11/03/2004,11/05/2004,1,T+1,0,1,
2004-12-31,Fri,0.335089,Cash,01/04/2005,01/06/2005,1,T-0,1,1,
2005-11-01,Tue,0.39652,Cash,11/03/2005,11/07/2005,1,T+1,0,1,
2005-12-01,Thu,0.390141,Cash,12/05/2005,12/07/2005,1,T+1,0,1,
2006-03-01,Wed,0.319738,Cash,03/03/2006,03/07/2006,1,T+1,0,1,
2006-04-03,Mon,0.328359,Cash,04/05/2006,04/07/2006,1,T+1,0,1,
2006-05-01,Mon,0.329741,Cash,05/03/2006,05/05/2006,1,T+1,0,1,
2006-07-03,Mon,0.326719,Cash,07/06/2006,07/10/2006,1,T+1,0,1,
2006-08-01,Tue,0.342056,Cash,08/03/2006,08/07/2006,1,T+1,0,1,
2006-10-02,Mon,0.353682,Cash,10/04/2006,10/06/2006,1,T+1,0,1,
2006-11-01,Wed,0.345447,Cash,11/03/2006,11/07/2006,1,T+1,0,1,
2006-12-01,Fri,0.342126,Cash,12/05/2006,12/07/2006,1,T+1,0,1,
2006-12-27,Wed,0.302586,Cash,12/29/2006,01/05/2007,1,T-2,1,1,
2007-04-02,Mon,0.326029,Cash,04/04/2007,04/09/2007,1,T+1,0,1,
2007-07-02,Mon,0.325687,Cash,07/05/2007,07/09/2007,1,T+1,0,1,
2011-04-01,Fri,0.385824,Cash,04/05/2011,04/07/2011,1,T+1,0,1,
2011-08-01,Mon,0.325165,Cash,08/03/2011,08/05/2011,1,T+1,0,1,
2011-12-27,Tue,0.379859,Cash,12/29/2011,01/04/2012,1,T-3,0,1,
2012-03-01,Thu,0.266781,Cash,03/05/2012,03/07/2012,1,T+1,0,1,
2012-06-01,Fri,0.262652,Cash,06/05/2012,06/07/2012,1,T+1,0,1,
2012-08-01,Wed,0.272515,Cash,08/03/2012,08/07/2012,1,T+1,0,1,
2012-12-26,Wed,0.26825,Cash,12/28/2012,01/02/2013,1,T-3,0,1,
2013-02-01,Fri,0.260183,Cash,02/05/2013,02/07/2013,1,T+1,0,1,
2013-03-01,Fri,0.253853,Cash,03/05/2013,03/07/2013,1,T+1,0,1,
2013-04-01,Mon,0.255129,Cash,04/03/2013,04/05/2013,1,T+1,0,1,
2013-05-01,Wed,0.260567,Cash,05/03/2013,05/07/2013,1,T+1,0,1,
2013-06-03,Mon,0.27508,Cash,06/05/2013,06/07/2013,1,T+1,0,1,
2013-07-01,Mon,0.251607,Cash,N/A,N/A,1,T+1,0,1,
2013-08-01,Thu,0.269976,Cash,08/05/2013,08/07/2013,1,T+1,0,1,
2013-09-03,Tue,0.279034,Cash,09/05/2013,N/A,1,T+1,0,1,
2013-10-01,Tue,0.277724,Cash,N/A,N/A,1,T+1,0,1,
2013-11-01,Fri,0.287864,Cash,11/05/2013,N/A,1,T+1,0,1,
2013-12-02,Mon,0.309998,Cash,12/04/2013,12/06/2013,1,T+1,0,1,
2013-12-26,Thu,0.334675,Cash,12/30/2013,01/02/2014,1,T-3,0,1,
2014-02-03,Mon,0.275563,Cash,N/A,N/A,1,T+1,0,1,
2014-03-03,Mon,0.263277,Cash,03/05/2014,03/07/2014,1,T+1,0,1,
2014-04-01,Tue,0.280222,Cash,04/03/2014,04/07/2014,1,T+1,0,1,
2014-05-01,Thu,0.269307,Cash,N/A,N/A,1,T+1,0,1,
2014-06-02,Mon,0.293841,Cash,N/A,N/A,1,T+1,0,1,
2014-07-01,Tue,0.291796,Cash,07/03/2014,07/08/2014,1,T+1,0,1,
2014-08-01,Fri,0.299803,Cash,08/05/2014,08/07/2014,1,T+1,0,1,
2014-09-02,Tue,0.271016,Cash,09/04/2014,09/08/2014,1,T+1,0,1,
2014-10-01,Wed,0.289366,Cash,10/03/2014,10/07/2014,1,T+1,0,1,
2014-11-03,Mon,0.290003,Cash,11/05/2014,11/07/2014,1,T+1,0,1,
2014-12-01,Mon,0.276557,Cash,12/03/2014,12/05/2014,1,T+1,0,1,
2014-12-24,Wed,0.261293,Cash,12/29/2014,12/31/2014,1,T-4,0,0,
2015-02-02,Mon,0.27902,Cash,02/04/2015,02/06/2015,1,T+1,0,1,
2015-03-02,Mon,0.25209,Cash,03/04/2015,03/06/2015,1,T+1,0,1,
2015-04-01,Wed,0.273077,Cash,04/06/2015,04/08/2015,1,T+1,0,1,
2015-05-01,Fri,0.258099,Cash,05/05/2015,05/07/2015,1,T+1,0,1,
2015-06-01,Mon,0.264356,Cash,06/03/2015,06/05/2015,1,T+1,0,1,
2015-07-01,Wed,0.258167,Cash,07/06/2015,07/08/2015,1,T+1,0,1,
2015-08-03,Mon,0.267426,Cash,08/05/2015,08/07/2015,1,T+1,0,1,
2015-09-01,Tue,0.26267,Cash,09/03/2015,09/08/2015,1,T+1,0,1,
2015-10-01,Thu,0.256264,Cash,10/05/2015,10/07/2015,1,T+1,0,1,
2015-11-02,Mon,0.266597,Cash,11/04/2015,11/06/2015,1,T+1,0,1,
2015-12-01,Tue,0.256517,Cash,12/03/2015,12/07/2015,1,T+1,0,1,
2015-12-24,Thu,0.254032,Cash,12/29/2015,12/31/2015,1,T-4,0,0,
2016-02-01,Mon,0.241034,Cash,02/03/2016,02/05/2016,1,T+1,0,1,
2016-03-01,Tue,0.248399,Cash,03/03/2016,03/07/2016,1,T+1,0,1,
2016-04-01,Fri,0.270371,Cash,04/05/2016,04/07/2016,1,T+1,0,1,
2016-05-02,Mon,0.260185,Cash,05/04/2016,05/06/2016,1,T+1,0,1,
2016-06-01,Wed,0.267273,Cash,06/03/2016,06/07/2016,1,T+1,0,1,
2016-07-01,Fri,0.255179,Cash,07/06/2016,07/08/2016,1,T+1,0,1,
2016-08-01,Mon,0.258147,Cash,08/03/2016,08/05/2016,1,T+1,0,1,
2016-09-01,Thu,0.254173,Cash,09/06/2016,09/08/2016,1,T+1,0,1,
2016-10-03,Mon,0.247067,Cash,10/05/2016,10/07/2016,1,T+1,0,1,
2016-11-01,Tue,0.24986,Cash,11/03/2016,11/07/2016,1,T+1,0,1,19.04
2016-12-01,Thu,0.24268,Cash,12/05/2016,12/07/2016,1,T+1,0,1,20.18
2016-12-22,Thu,0.308566,Cash,12/27/2016,12/29/2016,1,T-5,0,0,26.08
2017-02-01,Wed,0.259159,Cash,02/03/2017,02/07/2017,1,T+1,0,1,21.58
2017-03-01,Wed,0.233877,Cash,03/03/2017,03/07/2017,1,T+1,0,1,19.21
2017-04-03,Mon,0.254558,Cash,04/05/2017,04/07/2017,1,T+1,0,1,21.09
2017-05-01,Mon,0.25481,Cash,05/03/2017,05/05/2017,1,T+1,0,1,20.83
2017-06-01,Thu,0.262986,Cash,06/05/2017,06/07/2017,1,T+1,0,1,21.14
2017-07-03,Mon,0.257638,Cash,07/06/2017,07/10/2017,1,T+1,0,1,20.59
2017-08-01,Tue,0.268655,Cash,08/03/2017,08/07/2017,1,T+1,0,1,21.66
2017-09-01,Fri,0.26264,Cash,09/06/2017,09/08/2017,1,T+1,0,1,20.52
2017-10-02,Mon,0.252388,Cash,10/03/2017,10/06/2017,1,T+1,0,1,20.23
2017-11-01,Wed,0.263073,Cash,11/02/2017,11/07/2017,1,T+1,0,1,21.14
2017-12-01,Fri,0.254704,Cash,12/04/2017,12/07/2017,1,T+1,0,1,20.36
2017-12-21,Thu,0.261559,Cash,12/22/2017,12/28/2017,1,T-5,0,0,21.07
2018-02-01,Thu,0.254551,Cash,02/02/2018,02/07/2018,1,T+1,0,1,20.74
2018-03-01,Thu,0.238982,Cash,03/02/2018,03/07/2018,1,T+1,0,1,20.12
2018-04-02,Mon,0.260434,Cash,04/03/2018,04/06/2018,1,T+1,0,1,21.36
2018-05-01,Tue,0.262083,Cash,05/02/2018,05/07/2018,1,T+1,0,1,22.01
2018-06-01,Fri,0.280689,Cash,06/04/2018,06/07/2018,1,T+1,0,1,23.16
2018-07-02,Mon,0.27494,Cash,07/03/2018,07/09/2018,1,T+1,0,1,22.59
2018-08-01,Wed,0.266812,Cash,08/02/2018,08/07/2018,1,T+1,0,1,22.29
2018-09-04,Tue,0.272334,Cash,09/05/2018,09/10/2018,1,T+1,0,1,22.51
2018-10-01,Mon,0.260868,Cash,10/02/2018,10/05/2018,1,T+1,0,1,22.25
2018-11-01,Thu,0.274697,Cash,11/02/2018,11/07/2018,1,T+1,0,1,24.19
2018-12-03,Mon,0.266837,Cash,12/04/2018,12/07/2018,1,T+1,0,1,23.14
2018-12-18,Tue,0.281892,Cash,12/19/2018,12/24/2018,1,T-8,0,0,23.65
2019-02-01,Fri,0.274843,Cash,02/04/2019,02/07/2019,1,T+1,0,1,22.53
2019-03-01,Fri,0.253291,Cash,03/04/2019,03/07/2019,1,T+1,0,1,21.10
2019-04-01,Mon,0.27819,Cash,04/02/2019,04/05/2019,1,T+1,0,1,22.00
2019-05-01,Wed,0.25891,Cash,05/02/2019,05/07/2019,1,T+1,0,1,20.94
2019-06-03,Mon,0.269533,Cash,06/04/2019,06/07/2019,1,T+1,0,1,20.45
2019-07-01,Mon,0.260162,Cash,07/02/2019,07/08/2019,1,T+1,0,1,19.59
2019-08-01,Thu,0.263951,Cash,08/02/2019,08/07/2019,1,T+1,0,1,19.86
2019-09-03,Tue,0.260183,Cash,09/04/2019,09/09/2019,1,T+1,0,1,17.67
2019-10-01,Tue,0.25009,Cash,10/02/2019,10/07/2019,1,T+1,0,1,17.48
2019-11-01,Fri,0.245638,Cash,11/04/2019,11/07/2019,1,T+1,0,1,17.39
2019-12-02,Mon,0.24051,Cash,12/03/2019,12/06/2019,1,T+1,0,1,17.13
2019-12-19,Thu,0.217619,Cash,12/20/2019,12/26/2019,1,T-7,0,0,15.95
2020-02-03,Mon,0.241966,Cash,02/04/2020,02/07/2020,1,T+1,0,1,16.58
2020-03-02,Mon,0.229242,Cash,03/03/2020,03/06/2020,1,T+1,0,1,14.76
2020-04-01,Wed,0.238017,Cash,04/02/2020,04/07/2020,1,T+1,0,1,14.43
2020-05-01,Fri,0.216207,Cash,05/04/2020,05/07/2020,1,T+1,0,1,12.97
2020-06-01,Mon,0.210189,Cash,06/02/2020,06/05/2020,1,T+1,0,1,12.85
2020-07-01,Wed,0.191656,Cash,07/02/2020,07/08/2020,1,T+1,0,1,11.69
2020-08-03,Mon,0.19014,Cash,08/04/2020,08/07/2020,1,T+1,0,1,11.12
2020-09-01,Tue,0.18292,Cash,09/02/2020,09/08/2020,1,T+1,0,1,11.28
2020-10-01,Thu,0.16906,Cash,10/02/2020,10/07/2020,1,T+1,0,1,10.36
2020-11-02,Mon,0.169451,Cash,11/03/2020,11/06/2020,1,T+1,0,1,10.75
2020-12-01,Tue,0.163003,Cash,12/02/2020,12/07/2020,1,T+1,0,1,10.19
2020-12-17,Thu,0.163928,Cash,12/18/2020,12/23/2020,1,T-9,0,0,10.42
2021-02-01,Mon,0.175774,Cash,02/02/2021,02/05/2021,1,T+1,0,1,11.56
2021-03-01,Mon,0.171726,Cash,03/02/2021,03/05/2021,1,T+1,0,1,12.00
2021-04-01,Thu,0.185064,Cash,04/05/2021,04/08/2021,1,T+1,0,1,13.66
2021-05-03,Mon,0.203071,Cash,05/04/2021,05/07/2021,1,T+1,0,1,14.65
2021-06-01,Tue,0.199272,Cash,06/02/2021,06/07/2021,1,T+1,0,1,14.39
2021-07-01,Thu,0.187502,Cash,07/02/2021,07/08/2021,1,T+1,0,1,12.99
2021-08-02,Mon,0.181723,Cash,08/03/2021,08/06/2021,1,T+1,0,1,12.15
2021-09-01,Wed,0.189348,Cash,09/02/2021,09/08/2021,1,T+1,0,1,12.72
2021-10-01,Fri,0.183085,Cash,10/04/2021,10/07/2021,1,T+1,0,1,12.69
2021-11-01,Mon,0.188215,Cash,11/02/2021,11/05/2021,1,T+1,0,1,12.74
2021-12-01,Wed,0.184159,Cash,12/02/2021,12/07/2021,1,T+1,0,1,12.15
2021-12-16,Thu,0.167606,Cash,12/17/2021,12/22/2021,1,T-10,0,0,11.23
2022-02-01,Tue,0.198134,Cash,02/02/2022,02/07/2022,1,T+1,0,1,13.91
2022-03-01,Tue,0.184723,Cash,03/02/2022,03/07/2022,1,T+1,0,1,13.21
2022-04-01,Fri,0.201727,Cash,04/04/2022,04/07/2022,1,T+1,0,1,15.27
2022-05-02,Mon,0.20313,Cash,05/03/2022,05/06/2022,1,T+1,0,1,17.01
2022-06-01,Wed,0.207438,Cash,06/02/2022,06/07/2022,1,T+1,0,1,17.80
2022-07-01,Fri,0.226939,Cash,07/05/2022,07/08/2022,1,T+1,0,1,19.76
2022-08-01,Mon,0.213043,Cash,08/02/2022,08/05/2022,1,T+1,0,1,18.14
2022-09-01,Thu,0.236135,Cash,09/02/2022,09/08/2022,1,T+1,0,1,21.11
2022-10-03,Mon,0.244114,Cash,10/04/2022,10/07/2022,1,T+1,0,1,23.83
2022-11-01,Tue,0.235637,Cash,11/02/2022,11/07/2022,1,T+1,0,1,24.52
2022-12-01,Thu,0.244243,Cash,12/02/2022,12/07/2022,1,T+1,0,1,23.78
2022-12-15,Thu,0.261059,Cash,12/16/2022,12/21/2022,1,T-10,0,0,24.14
2023-02-01,Wed,0.275496,Cash,02/02/2023,02/07/2023,1,T+1,0,1,25.71
2023-03-01,Wed,0.249766,Cash,03/02/2023,03/07/2023,1,T+1,0,1,24.56
2023-04-03,Mon,0.268755,Cash,04/04/2023,04/07/2023,1,T+1,0,1,25.27
2023-05-01,Mon,0.267995,Cash,05/02/2023,05/05/2023,1,T+1,0,1,25.17
2023-06-01,Thu,0.273047,Cash,06/02/2023,06/07/2023,1,T+1,0,1,26.51
2023-07-03,Mon,0.277716,Cash,07/05/2023,07/10/2023,1,T+1,0,1,26.98
2023-08-01,Tue,0.275282,Cash,08/02/2023,08/07/2023,1,T+1,0,1,27.51
2023-09-01,Fri,0.288579,Cash,09/05/2023,09/08/2023,1,T+1,0,1,29.86
2023-10-02,Mon,0.280014,Cash,10/03/2023,10/06/2023,1,T+1,0,1,31.57
2023-11-01,Wed,0.286291,Cash,11/02/2023,11/07/2023,1,T+1,0,1,34.25
2023-12-01,Fri,0.28892,Cash,12/04/2023,12/07/2023,1,T+1,0,1,31.56
2023-12-14,Thu,0.310534,Cash,12/15/2023,12/20/2023,1,T-10,0,0,32.07
2024-02-01,Thu,0.310122,Cash,02/02/2024,02/07/2024,1,T+1,0,1,32.08
2024-03-01,Fri,0.295234,Cash,03/04/2024,03/07/2024,1,T+1,0,1,31.35
2024-04-01,Mon,0.312425,Cash,04/02/2024,04/05/2024,1,T+1,0,1,33.02
2024-05-01,Wed,0.307743,Cash,05/02/2024,05/07/2024,1,T+1,0,1,34.88
2024-06-03,Mon,0.308295,Cash,06/03/2024,06/07/2024,1,T+1,0,1,34.08
2024-07-01,Mon,0.291104,Cash,07/01/2024,07/05/2024,1,T+1,0,1,31.72
2024-08-01,Thu,0.314856,Cash,08/01/2024,08/06/2024,1,T+1,0,1,33.21
2024-09-03,Tue,0.312782,Cash,09/03/2024,09/06/2024,1,T+1,0,1,32.42
2024-10-01,Tue,0.315755,Cash,10/01/2024,10/04/2024,1,T+1,0,1,32.19
2024-11-01,Fri,0.310541,Cash,11/01/2024,11/06/2024,1,T+1,0,1,33.59
2024-12-02,Mon,0.325021,Cash,12/02/2024,12/05/2024,1,T+1,0,1,34.59
2024-12-18,Wed,0.351,Cash,12/18/2024,12/23/2024,1,T-8,0,0,38.72
2025-02-03,Mon,0.312282,Cash,02/03/2025,02/06/2025,1,T+1,0,1,35.58
2025-03-03,Mon,0.289817,Cash,03/03/2025,03/06/2025,1,T+1,0,1,31.36
2025-04-01,Tue,0.325582,Cash,04/01/2025,04/04/2025,1,T+1,0,1,35.77
2025-05-01,Thu,0.327612,Cash,05/01/2025,05/06/2025,1,T+1,0,1,36.62
2025-06-02,Mon,0.319532,Cash,06/02/2025,06/05/2025,1,T+1,0,1,37.03
2025-07-01,Tue,0.328301,Cash,07/01/2025,07/07/2025,1,T+1,0,1,37.20
2025-08-01,Fri,0.330802,Cash,08/01/2025,08/06/2025,1,T+1,0,1,38.06
2025-09-02,Tue,0.328083,Cash,09/02/2025,09/05/2025,1,T+1,0,1,37.88
2025-10-01,Wed,0.310447,Cash,10/01/2025,10/06/2025,1,T+1,0,1,34.74
2025-11-03,Mon,0.325125,Cash,11/03/2025,11/06/2025,1,T+1,0,1,36.01
2025-12-01,Mon,0.320648,Cash,12/01/2025,12/04/2025,1,T+1,0,1,35.54
2025-12-19,Fri,0.342437,Cash,12/19/2025,12/24/2025,1,T-7,0,0,38.82
2026-02-02,Mon,0.331885,Cash,02/02/2026,02/05/2026,1,T+1,0,1,38.09
2026-03-02,Mon,0.300633,Cash,03/02/2026,03/05/2026,1,T+1,0,1,33.10
2026-04-01,Wed,0.344779,Cash,04/01/2026,04/07/2026,1,T+1,0,1,39.77
2026-05-01,Fri,0.315346,Cash,05/01/2026,05/06/2026,1,T+1,0,1,36.83
2026-06-01,Mon,0.335777,Cash,06/01/2026,06/04/2026,1,T+1,0,1,39.15
2026-07-01,Wed,0.31803,Cash,07/01/2026,07/07/2026,1,T+1,0,1,36.80
2026-08-03,Mon,0.330454,Cash,08/03/2026,08/06/2026,1,T+1,0,1,40.18
2026-09-01,Tue,0.314686,Cash,09/01/2026,09/04/2026,1,T+1,0,1,38.13
2026-10-01,Thu,0.311581,Cash,10/01/2026,10/06/2026,1,T+1,0,1,40.06
