file,source,url,fetched_at,span,bars,missing_sessions,adjustment_basis,barqc_verdict,caveats
bars/DIA-1d-long.csv,stooq (browser download),https://stooq.com/q/d/?s=dia.us (per README; not recorded in file),not recorded; committed 2026-09-06 (cfefd2a),2005-02-25..2026-09-04,5415,"6: 2007-01-02, 2011-02-17 (hole), 2012-10-29/30, 2018-12-05, 2025-01-09","split-adjusted; distributions back-adjusted (adjustment on ex-date open) through 2022-10-21, UNADJUSTED after",PASS,"stooq volumes scaled by the adjustment factor; monthly adjustments 2017-2019 (12/yr) but only 3,2,3 in 2020-2022: incomplete before cutover"
bars/EEM-1d-long.csv,stooq (browser download),https://stooq.com/q/d/?s=eem.us (per README; not recorded in file),not recorded; committed 2026-09-07 (3805dca),2005-02-25..2026-09-04,5415,"6: 2007-01-02, 2011-02-17 (hole), 2012-10-29/30, 2018-12-05, 2025-01-09","split-adjusted; distributions back-adjusted (adjustment on ex-date open) through 2024-12-17, UNADJUSTED after",PASS,stooq volumes scaled by the adjustment factor; open disagreements >10bp vs nasdaq on 4 days (2018-02-20 stooq O=L=C defect)
bars/EFA-1d-long.csv,stooq (browser download),https://stooq.com/q/d/?s=efa.us (per README; not recorded in file),not recorded; committed 2026-09-06 (cfefd2a),2005-02-25..2026-09-04,5415,"6: 2007-01-02, 2011-02-17 (hole), 2012-10-29/30, 2018-12-05, 2025-01-09","split-adjusted; distributions back-adjusted (adjustment on ex-date open) through 2022-06-09, UNADJUSTED after",PASS,stooq volumes scaled by the adjustment factor; 2018-02-20 stooq O=L=C defect
bars/GLD-1d-long.csv,stooq (browser download),https://stooq.com/q/d/?s=gld.us (per README; not recorded in file),not recorded; committed 2026-09-06 (cfefd2a),2005-02-25..2026-09-04,5415,"6: 2007-01-02, 2011-02-17 (hole), 2012-10-29/30, 2018-12-05, 2025-01-09","split-adjusted; distributions back-adjusted (adjustment on ex-date open) through none (no distributions), UNADJUSTED after",PASS,stooq volumes scaled by the adjustment factor; 2018-02-20 stooq open defect; control series (no distributions)
bars/IWM-1d-long.csv,stooq (browser download),https://stooq.com/q/d/?s=iwm.us (per README; not recorded in file),not recorded; committed 2026-09-06 (cfefd2a),2005-02-25..2026-09-04,5415,"6: 2007-01-02, 2011-02-17 (hole), 2012-10-29/30, 2018-12-05, 2025-01-09","split-adjusted; distributions back-adjusted (adjustment on ex-date open) through 2022-09-26, UNADJUSTED after",PASS,stooq volumes scaled by the adjustment factor; 
bars/QQQ-1d-long.csv,stooq (browser download),https://stooq.com/q/d/?s=qqq.us (per README; not recorded in file),not recorded; committed 2026-09-06 (cfefd2a),1999-03-10..2026-09-04,6915,"11: 1999-11-16 (hole), 2001-09-11..14, 2004-06-11, 2007-01-02, 2012-10-29/30, 2018-12-05, 2025-01-09","split-adjusted; distributions back-adjusted (adjustment on ex-date open) through 2025-03-24, UNADJUSTED after",PASS,stooq volumes scaled by the adjustment factor; 1999-11-16 hole (single source); 1499 rows predate the others; 2018-02-20 stooq O=L=C defect
bars/TLT-1d-long.csv,stooq (browser download),https://stooq.com/q/d/?s=tlt.us (per README; not recorded in file),not recorded; committed 2026-09-06 (cfefd2a),2005-02-25..2026-09-04,5415,"6: 2007-01-02, 2011-02-17 (hole), 2012-10-29/30, 2018-12-05, 2025-01-09","split-adjusted; distributions back-adjusted (adjustment on ex-date open) through 2026-04-01, UNADJUSTED after",PASS,stooq volumes scaled by the adjustment factor; ex-dates on first session of month (104/113 located)
bars/XLE-1d-long.csv,stooq (browser download),https://stooq.com/q/d/?s=xle.us (per README; not recorded in file),not recorded; committed 2026-09-06 (cfefd2a),2005-02-25..2026-09-04,5415,"6: 2007-01-02, 2011-02-17 (hole), 2012-10-29/30, 2018-12-05, 2025-01-09","split-adjusted; distributions back-adjusted (adjustment on ex-date open) through 2025-12-22, UNADJUSTED after",PASS,"stooq volumes scaled by the adjustment factor; 2:1-type split back-adjusted (boundary 2025-12-04 in nasdaq); 53 open disagreements >10bp vs nasdaq (2024-11..2026-03), vendor 'open' ill-defined; largest step 299bp 2019-12-30 unverified"
bars/XLF-1d-long.csv,stooq (browser download),https://stooq.com/q/d/?s=xlf.us (per README; not recorded in file),not recorded; committed 2026-09-06 (cfefd2a),2005-02-25..2026-09-04,5415,"6: 2007-01-02, 2011-02-17 (hole), 2012-10-29/30, 2018-12-05, 2025-01-09","split-adjusted; distributions back-adjusted (adjustment on ex-date open) through 2022-09-19, UNADJUSTED after",PASS,stooq volumes scaled by the adjustment factor; 2018-02-14 flat O/H/L defect; 17 open disagreements >10bp
bars/DIA-1d.csv,"Alpaca data API v2, IEX feed, daily",https://data.alpaca.markets/v2/stocks/{sym}/bars (fetch.py),not recorded; committed 2026-09-04 (f311700),2020-07-27..2026-09-04,1536,1: 2025-01-09,"total return (dividends back-adjusted; adjustment on ex-date open at 129 of 146 known ex-dates, rest IEX noise)",PASS,"O/H/L/C/V are IEX prints, NOT official auctions: open off official basis by 1.4-10.5 bp median per year, worst 110 bp; IEX-only volume"
bars/EEM-1d.csv,"Alpaca data API v2, IEX feed, daily",https://data.alpaca.markets/v2/stocks/{sym}/bars (fetch.py),not recorded; committed 2026-09-04 (f311700),2020-07-27..2026-09-04,1536,1: 2025-01-09,"total return (dividends back-adjusted; adjustment on ex-date open at 129 of 146 known ex-dates, rest IEX noise)",PASS,"O/H/L/C/V are IEX prints, NOT official auctions: open off official basis by 1.4-10.5 bp median per year, worst 110 bp; IEX-only volume"
bars/EFA-1d.csv,"Alpaca data API v2, IEX feed, daily",https://data.alpaca.markets/v2/stocks/{sym}/bars (fetch.py),not recorded; committed 2026-09-04 (f311700),2020-07-27..2026-09-04,1536,1: 2025-01-09,"total return (dividends back-adjusted; adjustment on ex-date open at 129 of 146 known ex-dates, rest IEX noise)",PASS,"O/H/L/C/V are IEX prints, NOT official auctions: open off official basis by 1.4-10.5 bp median per year, worst 110 bp; IEX-only volume"
bars/GLD-1d.csv,"Alpaca data API v2, IEX feed, daily",https://data.alpaca.markets/v2/stocks/{sym}/bars (fetch.py),not recorded; committed 2026-09-04 (f311700),2020-07-27..2026-09-04,1536,1: 2025-01-09,"total return (dividends back-adjusted; adjustment on ex-date open at 129 of 146 known ex-dates, rest IEX noise)",PASS,"O/H/L/C/V are IEX prints, NOT official auctions: open off official basis by 1.4-10.5 bp median per year, worst 110 bp; IEX-only volume"
bars/IWM-1d.csv,"Alpaca data API v2, IEX feed, daily",https://data.alpaca.markets/v2/stocks/{sym}/bars (fetch.py),not recorded; committed 2026-09-04 (f311700),2020-07-27..2026-09-04,1536,1: 2025-01-09,"total return (dividends back-adjusted; adjustment on ex-date open at 129 of 146 known ex-dates, rest IEX noise)",PASS,"O/H/L/C/V are IEX prints, NOT official auctions: open off official basis by 1.4-10.5 bp median per year, worst 110 bp; IEX-only volume"
bars/QQQ-1d.csv,"Alpaca data API v2, IEX feed, daily",https://data.alpaca.markets/v2/stocks/{sym}/bars (fetch.py),not recorded; committed 2026-09-04 (f311700),2020-07-27..2026-09-04,1536,1: 2025-01-09,"total return (dividends back-adjusted; adjustment on ex-date open at 129 of 146 known ex-dates, rest IEX noise)",PASS,"O/H/L/C/V are IEX prints, NOT official auctions: open off official basis by 1.4-10.5 bp median per year, worst 110 bp; IEX-only volume"
bars/TLT-1d.csv,"Alpaca data API v2, IEX feed, daily",https://data.alpaca.markets/v2/stocks/{sym}/bars (fetch.py),not recorded; committed 2026-09-04 (f311700),2020-07-27..2026-09-04,1536,1: 2025-01-09,"total return (dividends back-adjusted; adjustment on ex-date open at 129 of 146 known ex-dates, rest IEX noise)",PASS,"O/H/L/C/V are IEX prints, NOT official auctions: open off official basis by 1.4-10.5 bp median per year, worst 110 bp; IEX-only volume"
bars/XLE-1d.csv,"Alpaca data API v2, IEX feed, daily",https://data.alpaca.markets/v2/stocks/{sym}/bars (fetch.py),not recorded; committed 2026-09-04 (f311700),2020-07-27..2026-09-04,1536,1: 2025-01-09,"total return (dividends back-adjusted; adjustment on ex-date open at 129 of 146 known ex-dates, rest IEX noise)",PASS,"O/H/L/C/V are IEX prints, NOT official auctions: open off official basis by 1.4-10.5 bp median per year, worst 110 bp; IEX-only volume"
bars/XLF-1d.csv,"Alpaca data API v2, IEX feed, daily",https://data.alpaca.markets/v2/stocks/{sym}/bars (fetch.py),not recorded; committed 2026-09-04 (f311700),2020-07-27..2026-09-04,1536,1: 2025-01-09,"total return (dividends back-adjusted; adjustment on ex-date open at 129 of 146 known ex-dates, rest IEX noise)",PASS,"O/H/L/C/V are IEX prints, NOT official auctions: open off official basis by 1.4-10.5 bp median per year, worst 110 bp; IEX-only volume"
bars/SPY-1d.csv,stooq (browser download),https://stooq.com/q/d/?s=spy.us (per README),not recorded; committed 2026-09-03 (26929dd),2005-02-25..2026-09-02,5413,"6: 2007-01-02, 2011-02-17 (hole), 2012-10-29/30, 2018-12-05, 2025-01-09","distributions back-adjusted through 2025-03-21 (34 located, all on ex-date open), UNADJUSTED after",PASS,LAST BAR 2026-09-02 IS AN INTRADAY SNAPSHOT (vol 6.13M vs 29.57M official; C 765.595 vs 765.16); 2017-10-09 and 2018-02-20 open defects
bars/SPY-1d-raw.csv,nasdaq.com historical JSON (nasdaq_json.py),https://api.nasdaq.com/api/quote/SPY/historical?assetclass=etf&fromdate=2020-07-01&limit=9999&todate=2026-09-06,2026-09-06T23:16:06Z (runs/trial3-2026-09-06-nasdaq-fetch.txt),2020-07-01..2026-09-04,1553,1: 2025-01-09,"split-adjusted, dividends NOT adjusted (official consolidated prices)",PASS,2026-04-20 PLACEHOLDER BAR O=H=L=C=710.14 V=0 (true: O 708.78 H 709.91 L 706.14 C 708.72 per stooq; Alpaca agg agrees); 2026-04-17 V=9999999 placeholder; identical to fresh pull on all 1553 dates
bars/SPY-1d-agg.csv,Alpaca IEX minute bars -> daily (aggregate.py),Alpaca data API (minute fetch 2026-09-03T18:45:53Z per SPY-sessions.csv header),minute fetch 2026-09-03T18:45:53Z; committed 2026-09-03 (26929dd),2020-07-27..2026-09-01,1532,"2: 2025-01-09, 2025-03-10 (feed hole)",NOT dividend-adjusted (median close gap to nasdaq 0.8-1.3 bp/yr) despite README's --adjusted yes; IEX prints,PASS,"IEX vs official: raw open gap median 0.36-0.70 bp per year (worst 25.9 bp 2025-04-09), raw close gap median 0.81-1.34 bp per year (worst 103.3 bp 2025-04-09; 94.7 bp 2024-12-23); short sessions incl. feed holes 2021-04-13, 2024-12-23"
bars/SPY-sessions.csv,intraday.py export of Alpaca 1m,-,"fetched 2026-09-03T18:45:53Z, exported 2026-09-04T02:44:31Z (header)",2020-07-27..2026-09-01,1518 sessions,"16 vs calendar: 1 closure + 12 half-days + feed holes 2021-04-13, 2024-12-23, 2025-03-10",per-session minute-derived fields,UNRUN (not a bar file),complete sessions only; half-days excluded by design
edge/data/nasdaq/SPY-1d-nasdaq.csv,nasdaq.com historical JSON (nasdaq_json.py),https://api.nasdaq.com/api/quote/SPY/historical?assetclass=etf&fromdate=1990-01-01&limit=9999&todate=2026-10-09,2026-10-09T04:30:19Z,2016-10-10..2026-10-08,2513,"2: 2018-12-05, 2025-01-09",split back-adjusted; dividends NOT adjusted; 10-year window cap (older request returns no rows),PASS,2026-04-20 placeholder bar; 2026-04-17 V=9999999
edge/data/nasdaq/QQQ-1d-nasdaq.csv,nasdaq.com historical JSON (nasdaq_json.py),https://api.nasdaq.com/api/quote/QQQ/historical?assetclass=etf&fromdate=1990-01-01&limit=9999&todate=2026-10-09,2026-10-09T04:30:43Z,2016-10-10..2026-10-08,2513,"2: 2018-12-05, 2025-01-09",split back-adjusted; dividends NOT adjusted; 10-year window cap (older request returns no rows),PASS,
edge/data/nasdaq/IWM-1d-nasdaq.csv,nasdaq.com historical JSON (nasdaq_json.py),https://api.nasdaq.com/api/quote/IWM/historical?assetclass=etf&fromdate=1990-01-01&limit=9999&todate=2026-10-09,2026-10-09T04:30:50Z,2016-10-10..2026-10-08,2513,"2: 2018-12-05, 2025-01-09",split back-adjusted; dividends NOT adjusted; 10-year window cap (older request returns no rows),BLOCKED (ohlc: 2023-06-05 H 180.82 < O 181.26),
edge/data/nasdaq/DIA-1d-nasdaq.csv,nasdaq.com historical JSON (nasdaq_json.py),https://api.nasdaq.com/api/quote/DIA/historical?assetclass=etf&fromdate=1990-01-01&limit=9999&todate=2026-10-09,2026-10-09T04:30:55Z,2016-10-10..2026-10-08,2513,"2: 2018-12-05, 2025-01-09",split back-adjusted; dividends NOT adjusted; 10-year window cap (older request returns no rows),PASS,
edge/data/nasdaq/TLT-1d-nasdaq.csv,nasdaq.com historical JSON (nasdaq_json.py),https://api.nasdaq.com/api/quote/TLT/historical?assetclass=etf&fromdate=1990-01-01&limit=9999&todate=2026-10-09,2026-10-09T04:31:00Z,2016-10-10..2026-10-08,2513,"2: 2018-12-05, 2025-01-09",split back-adjusted; dividends NOT adjusted; 10-year window cap (older request returns no rows),PASS,
edge/data/nasdaq/EEM-1d-nasdaq.csv,nasdaq.com historical JSON (nasdaq_json.py),https://api.nasdaq.com/api/quote/EEM/historical?assetclass=etf&fromdate=1990-01-01&limit=9999&todate=2026-10-09,2026-10-09T04:34:16Z,2016-10-10..2026-10-08,2513,"2: 2018-12-05, 2025-01-09",split back-adjusted; dividends NOT adjusted; 10-year window cap (older request returns no rows),PASS,
edge/data/nasdaq/EFA-1d-nasdaq.csv,nasdaq.com historical JSON (nasdaq_json.py),https://api.nasdaq.com/api/quote/EFA/historical?assetclass=etf&fromdate=1990-01-01&limit=9999&todate=2026-10-09,2026-10-09T04:34:22Z,2016-10-10..2026-10-08,2513,"2: 2018-12-05, 2025-01-09",split back-adjusted; dividends NOT adjusted; 10-year window cap (older request returns no rows),PASS,
edge/data/nasdaq/GLD-1d-nasdaq.csv,nasdaq.com historical JSON (nasdaq_json.py),https://api.nasdaq.com/api/quote/GLD/historical?assetclass=etf&fromdate=1990-01-01&limit=9999&todate=2026-10-09,2026-10-09T04:34:28Z,2016-10-10..2026-10-08,2513,"2: 2018-12-05, 2025-01-09",split back-adjusted; dividends NOT adjusted; 10-year window cap (older request returns no rows),PASS,2026-04-20 placeholder bar (O=H=L=C=445.93 V=0)
edge/data/nasdaq/XLE-1d-nasdaq.csv,nasdaq.com historical JSON (nasdaq_json.py),https://api.nasdaq.com/api/quote/XLE/historical?assetclass=etf&fromdate=1990-01-01&limit=9999&todate=2026-10-09,2026-10-09T04:34:33Z,2016-10-10..2026-10-08,2513,"2: 2018-12-05, 2025-01-09",split back-adjusted; dividends NOT adjusted; 10-year window cap (older request returns no rows),BLOCKED (ohlc: 2023-06-05 H 40.3075 < O 40.5325),split back-adjusted at 2025-12-04 boundary
edge/data/nasdaq/XLF-1d-nasdaq.csv,nasdaq.com historical JSON (nasdaq_json.py),https://api.nasdaq.com/api/quote/XLF/historical?assetclass=etf&fromdate=1990-01-01&limit=9999&todate=2026-10-09,2026-10-09T04:34:40Z,2016-10-10..2026-10-08,2513,"2: 2018-12-05, 2025-01-09",split back-adjusted; dividends NOT adjusted; 10-year window cap (older request returns no rows),BLOCKED (ohlc: 2023-06-05 H 32.75 < O 32.84),
edge/data/nasdaq/BIL-1d-nasdaq.csv,nasdaq.com historical JSON (nasdaq_json.py),https://api.nasdaq.com/api/quote/BIL/historical?assetclass=etf&fromdate=1990-01-01&limit=9999&todate=2026-10-09,2026-10-09T04:31:13Z,2016-10-10..2026-10-08,2513,"2: 2018-12-05, 2025-01-09",split back-adjusted; dividends NOT adjusted; 10-year window cap (older request returns no rows),PASS,"4 flat bars with volume (2025-11-03, 2026-01-08, 2026-01-16, 2026-02-06) - plausible for a T-bill ETF, unverified"
edge/data/nasdaq/SHV-1d-nasdaq.csv,nasdaq.com historical JSON (nasdaq_json.py),https://api.nasdaq.com/api/quote/SHV/historical?assetclass=etf&fromdate=1990-01-01&limit=9999&todate=2026-10-09,2026-10-09T04:31:18Z,2016-10-10..2026-10-08,2513,"2: 2018-12-05, 2025-01-09",split back-adjusted; dividends NOT adjusted; 10-year window cap (older request returns no rows),PASS,
edge/data/nasdaq/SHY-1d-nasdaq.csv,nasdaq.com historical JSON (nasdaq_json.py),https://api.nasdaq.com/api/quote/SHY/historical?assetclass=etf&fromdate=1990-01-01&limit=9999&todate=2026-10-09,2026-10-09T04:31:25Z,2016-10-10..2026-10-08,2513,"2: 2018-12-05, 2025-01-09",split back-adjusted; dividends NOT adjusted; 10-year window cap (older request returns no rows),PASS,
edge/data/nasdaq/IEF-1d-nasdaq.csv,nasdaq.com historical JSON (nasdaq_json.py),https://api.nasdaq.com/api/quote/IEF/historical?assetclass=etf&fromdate=1990-01-01&limit=9999&todate=2026-10-09,2026-10-09T04:31:32Z,2016-10-10..2026-10-08,2513,"2: 2018-12-05, 2025-01-09",split back-adjusted; dividends NOT adjusted; 10-year window cap (older request returns no rows),PASS,
edge/data/nasdaq/SSO-1d-nasdaq.csv,nasdaq.com historical JSON (nasdaq_json.py),https://api.nasdaq.com/api/quote/SSO/historical?assetclass=etf&fromdate=1990-01-01&limit=9999&todate=2026-10-09,2026-10-09T04:31:37Z,2016-10-10..2026-10-08,2513,"2: 2018-12-05, 2025-01-09",split back-adjusted; dividends NOT adjusted; 10-year window cap (older request returns no rows),PASS,2026-04-20 placeholder bar; split back-adjusted at 2025-11-20 boundary
edge/data/nasdaq/UPRO-1d-nasdaq.csv,nasdaq.com historical JSON (nasdaq_json.py),https://api.nasdaq.com/api/quote/UPRO/historical?assetclass=etf&fromdate=1990-01-01&limit=9999&todate=2026-10-09,2026-10-09T04:31:42Z,2016-10-10..2026-10-08,2513,"2: 2018-12-05, 2025-01-09",split back-adjusted; dividends NOT adjusted; 10-year window cap (older request returns no rows),PASS,split back-adjusted at 2022-01-13 boundary
edge/data/nasdaq/QLD-1d-nasdaq.csv,nasdaq.com historical JSON (nasdaq_json.py),https://api.nasdaq.com/api/quote/QLD/historical?assetclass=etf&fromdate=1990-01-01&limit=9999&todate=2026-10-09,2026-10-09T04:31:49Z,2016-10-10..2026-10-08,2513,"2: 2018-12-05, 2025-01-09",split back-adjusted; dividends NOT adjusted; 10-year window cap (older request returns no rows),PASS,split back-adjusted at 2025-11-20 boundary
edge/data/nasdaq/TQQQ-1d-nasdaq.csv,nasdaq.com historical JSON (nasdaq_json.py),https://api.nasdaq.com/api/quote/TQQQ/historical?assetclass=etf&fromdate=1990-01-01&limit=9999&todate=2026-10-09,2026-10-09T04:31:55Z,2016-10-10..2026-10-08,2513,"2: 2018-12-05, 2025-01-09",split back-adjusted; dividends NOT adjusted; 10-year window cap (older request returns no rows),PASS,split back-adjusted at 2025-11-20 boundary
edge/data/nasdaq/IBIT-1d-nasdaq.csv,nasdaq.com historical JSON (nasdaq_json.py),https://api.nasdaq.com/api/quote/IBIT/historical?assetclass=etf&fromdate=1990-01-01&limit=9999&todate=2026-10-09,2026-10-09T04:33:38Z,2024-01-11..2026-10-08,688,1: 2025-01-09,split back-adjusted; dividends NOT adjusted; 10-year window cap (older request returns no rows),PASS,"spot bitcoin ETF, 2.7 years only"
edge/data/nasdaq/BITO-1d-nasdaq.csv,nasdaq.com historical JSON (nasdaq_json.py),https://api.nasdaq.com/api/quote/BITO/historical?assetclass=etf&fromdate=1990-01-01&limit=9999&todate=2026-10-09,2026-10-09T04:33:44Z,2021-10-19..2026-10-08,1248,1: 2025-01-09,split back-adjusted; dividends NOT adjusted; 10-year window cap (older request returns no rows),PASS,futures-based bitcoin ETF
edge/data/nasdaq/GBTC-1d-nasdaq.csv,nasdaq.com historical JSON (nasdaq_json.py),https://api.nasdaq.com/api/quote/GBTC/historical?assetclass=etf&fromdate=1990-01-01&limit=9999&todate=2026-10-09,2026-10-09T04:33:51Z,2019-01-17..2026-10-08,1942,1: 2025-01-09,split back-adjusted; dividends NOT adjusted; 10-year window cap (older request returns no rows),PASS,"2026-04-20 placeholder bar; adjustment boundary 2024-07-29; pre-2024 OTC trust (premium/discount), not a clean BTC proxy"
