month,T,entry_sched,entry_exec,exit_sched,exit_exec,sessions_held_with_bars,closures_inside,holes_inside,entry_halfday,exit_halfday,complete
2005-02,2005-02-28,2005-02-22,2005-02-25,2005-03-03,2005-03-03,5,,2005-02-23;2005-02-24,,,False
2005-03,2005-03-31,2005-03-24,2005-03-24,2005-04-05,2005-04-05,7,,,,,True
2005-04,2005-04-29,2005-04-25,2005-04-25,2005-05-04,2005-05-04,7,,,,,True
2005-05,2005-05-31,2005-05-24,2005-05-24,2005-06-03,2005-06-03,7,,,,,True
2005-06,2005-06-30,2005-06-24,2005-06-24,2005-07-06,2005-07-06,7,,,,,True
2005-07,2005-07-29,2005-07-25,2005-07-25,2005-08-03,2005-08-03,7,,,,,True
2005-08,2005-08-31,2005-08-25,2005-08-25,2005-09-06,2005-09-06,7,,,,,True
2005-09,2005-09-30,2005-09-26,2005-09-26,2005-10-05,2005-10-05,7,,,,,True
2005-10,2005-10-31,2005-10-25,2005-10-25,2005-11-03,2005-11-03,7,,,,,True
2005-11,2005-11-30,2005-11-23,2005-11-23,2005-12-05,2005-12-05,7,,,,,True
2005-12,2005-12-30,2005-12-23,2005-12-23,2006-01-05,2006-01-05,7,,,,,True
2006-01,2006-01-31,2006-01-25,2006-01-25,2006-02-03,2006-02-03,7,,,,,True
2006-02,2006-02-28,2006-02-22,2006-02-22,2006-03-03,2006-03-03,7,,,,,True
2006-03,2006-03-31,2006-03-27,2006-03-27,2006-04-05,2006-04-05,7,,,,,True
2006-04,2006-04-28,2006-04-24,2006-04-24,2006-05-03,2006-05-03,7,,,,,True
2006-05,2006-05-31,2006-05-24,2006-05-24,2006-06-05,2006-06-05,7,,,,,True
2006-06,2006-06-30,2006-06-26,2006-06-26,2006-07-06,2006-07-06,7,,,,,True
2006-07,2006-07-31,2006-07-25,2006-07-25,2006-08-03,2006-08-03,7,,,,,True
2006-08,2006-08-31,2006-08-25,2006-08-25,2006-09-06,2006-09-06,7,,,,,True
2006-09,2006-09-29,2006-09-25,2006-09-25,2006-10-04,2006-10-04,7,,,,,True
2006-10,2006-10-31,2006-10-25,2006-10-25,2006-11-03,2006-11-03,7,,,,,True
2006-11,2006-11-30,2006-11-24,2006-11-24,2006-12-05,2006-12-05,7,,,"day after Thanksgiving (rule only, unverified)",,True
2006-12,2006-12-29,2006-12-22,2006-12-22,2007-01-04,2007-01-04,6,2007-01-02,,,,True
2007-01,2007-01-31,2007-01-25,2007-01-25,2007-02-05,2007-02-05,7,,,,,True
2007-02,2007-02-28,2007-02-22,2007-02-22,2007-03-05,2007-03-05,7,,,,,True
2007-03,2007-03-30,2007-03-26,2007-03-26,2007-04-04,2007-04-04,7,,,,,True
2007-04,2007-04-30,2007-04-24,2007-04-24,2007-05-03,2007-05-03,7,,,,,True
2007-05,2007-05-31,2007-05-24,2007-05-24,2007-06-05,2007-06-05,7,,,,,True
2007-06,2007-06-29,2007-06-25,2007-06-25,2007-07-05,2007-07-05,7,,,,,True
2007-07,2007-07-31,2007-07-25,2007-07-25,2007-08-03,2007-08-03,7,,,,,True
2007-08,2007-08-31,2007-08-27,2007-08-27,2007-09-06,2007-09-06,7,,,,,True
2007-09,2007-09-28,2007-09-24,2007-09-24,2007-10-03,2007-10-03,7,,,,,True
2007-10,2007-10-31,2007-10-25,2007-10-25,2007-11-05,2007-11-05,7,,,,,True
2007-11,2007-11-30,2007-11-26,2007-11-26,2007-12-05,2007-12-05,7,,,,,True
2007-12,2007-12-31,2007-12-24,2007-12-24,2008-01-04,2008-01-04,7,,,"Christmas Eve (rule only, unverified)",,True
2008-01,2008-01-31,2008-01-25,2008-01-25,2008-02-05,2008-02-05,7,,,,,True
2008-02,2008-02-29,2008-02-25,2008-02-25,2008-03-05,2008-03-05,7,,,,,True
2008-03,2008-03-31,2008-03-25,2008-03-25,2008-04-03,2008-04-03,7,,,,,True
2008-04,2008-04-30,2008-04-24,2008-04-24,2008-05-05,2008-05-05,7,,,,,True
2008-05,2008-05-30,2008-05-23,2008-05-23,2008-06-04,2008-06-04,7,,,,,True
2008-06,2008-06-30,2008-06-24,2008-06-24,2008-07-03,2008-07-03,7,,,,"July 3 (rule only, unverified)",True
2008-07,2008-07-31,2008-07-25,2008-07-25,2008-08-05,2008-08-05,7,,,,,True
2008-08,2008-08-29,2008-08-25,2008-08-25,2008-09-04,2008-09-04,7,,,,,True
2008-09,2008-09-30,2008-09-24,2008-09-24,2008-10-03,2008-10-03,7,,,,,True
2008-10,2008-10-31,2008-10-27,2008-10-27,2008-11-05,2008-11-05,7,,,,,True
2008-11,2008-11-28,2008-11-21,2008-11-21,2008-12-03,2008-12-03,7,,,,,True
2008-12,2008-12-31,2008-12-24,2008-12-24,2009-01-06,2009-01-06,7,,,"Christmas Eve (rule only, unverified)",,True
2009-01,2009-01-30,2009-01-26,2009-01-26,2009-02-04,2009-02-04,7,,,,,True
2009-02,2009-02-27,2009-02-23,2009-02-23,2009-03-04,2009-03-04,7,,,,,True
2009-03,2009-03-31,2009-03-25,2009-03-25,2009-04-03,2009-04-03,7,,,,,True
2009-04,2009-04-30,2009-04-24,2009-04-24,2009-05-05,2009-05-05,7,,,,,True
2009-05,2009-05-29,2009-05-22,2009-05-22,2009-06-03,2009-06-03,7,,,,,True
2009-06,2009-06-30,2009-06-24,2009-06-24,2009-07-06,2009-07-06,7,,,,,True
2009-07,2009-07-31,2009-07-27,2009-07-27,2009-08-05,2009-08-05,7,,,,,True
2009-08,2009-08-31,2009-08-25,2009-08-25,2009-09-03,2009-09-03,7,,,,,True
2009-09,2009-09-30,2009-09-24,2009-09-24,2009-10-05,2009-10-05,7,,,,,True
2009-10,2009-10-30,2009-10-26,2009-10-26,2009-11-04,2009-11-04,7,,,,,True
2009-11,2009-11-30,2009-11-23,2009-11-23,2009-12-03,2009-12-03,7,,,,,True
2009-12,2009-12-31,2009-12-24,2009-12-24,2010-01-06,2010-01-06,7,,,"Christmas Eve (rule only, unverified)",,True
2010-01,2010-01-29,2010-01-25,2010-01-25,2010-02-03,2010-02-03,7,,,,,True
2010-02,2010-02-26,2010-02-22,2010-02-22,2010-03-03,2010-03-03,7,,,,,True
2010-03,2010-03-31,2010-03-25,2010-03-25,2010-04-06,2010-04-06,7,,,,,True
2010-04,2010-04-30,2010-04-26,2010-04-26,2010-05-05,2010-05-05,7,,,,,True
2010-05,2010-05-28,2010-05-24,2010-05-24,2010-06-03,2010-06-03,7,,,,,True
2010-06,2010-06-30,2010-06-24,2010-06-24,2010-07-06,2010-07-06,7,,,,,True
2010-07,2010-07-30,2010-07-26,2010-07-26,2010-08-04,2010-08-04,7,,,,,True
2010-08,2010-08-31,2010-08-25,2010-08-25,2010-09-03,2010-09-03,7,,,,,True
2010-09,2010-09-30,2010-09-24,2010-09-24,2010-10-05,2010-10-05,7,,,,,True
2010-10,2010-10-29,2010-10-25,2010-10-25,2010-11-03,2010-11-03,7,,,,,True
2010-11,2010-11-30,2010-11-23,2010-11-23,2010-12-03,2010-12-03,7,,,,,True
2010-12,2010-12-31,2010-12-27,2010-12-27,2011-01-05,2011-01-05,7,,,,,True
2011-01,2011-01-31,2011-01-25,2011-01-25,2011-02-03,2011-02-03,7,,,,,True
2011-02,2011-02-28,2011-02-22,2011-02-22,2011-03-03,2011-03-03,7,,,,,True
2011-03,2011-03-31,2011-03-25,2011-03-25,2011-04-05,2011-04-05,7,,,,,True
2011-04,2011-04-29,2011-04-25,2011-04-25,2011-05-04,2011-05-04,7,,,,,True
2011-05,2011-05-31,2011-05-24,2011-05-24,2011-06-03,2011-06-03,7,,,,,True
2011-06,2011-06-30,2011-06-24,2011-06-24,2011-07-06,2011-07-06,7,,,,,True
2011-07,2011-07-29,2011-07-25,2011-07-25,2011-08-03,2011-08-03,7,,,,,True
2011-08,2011-08-31,2011-08-25,2011-08-25,2011-09-06,2011-09-06,7,,,,,True
2011-09,2011-09-30,2011-09-26,2011-09-26,2011-10-05,2011-10-05,7,,,,,True
2011-10,2011-10-31,2011-10-25,2011-10-25,2011-11-03,2011-11-03,7,,,,,True
2011-11,2011-11-30,2011-11-23,2011-11-23,2011-12-05,2011-12-05,7,,,,,True
2011-12,2011-12-30,2011-12-23,2011-12-23,2012-01-05,2012-01-05,7,,,,,True
2012-01,2012-01-31,2012-01-25,2012-01-25,2012-02-03,2012-02-03,7,,,,,True
2012-02,2012-02-29,2012-02-23,2012-02-23,2012-03-05,2012-03-05,7,,,,,True
2012-03,2012-03-30,2012-03-26,2012-03-26,2012-04-04,2012-04-04,7,,,,,True
2012-04,2012-04-30,2012-04-24,2012-04-24,2012-05-03,2012-05-03,7,,,,,True
2012-05,2012-05-31,2012-05-24,2012-05-24,2012-06-05,2012-06-05,7,,,,,True
2012-06,2012-06-29,2012-06-25,2012-06-25,2012-07-05,2012-07-05,7,,,,,True
2012-07,2012-07-31,2012-07-25,2012-07-25,2012-08-03,2012-08-03,7,,,,,True
2012-08,2012-08-31,2012-08-27,2012-08-27,2012-09-06,2012-09-06,7,,,,,True
2012-09,2012-09-28,2012-09-24,2012-09-24,2012-10-03,2012-10-03,7,,,,,True
2012-10,2012-10-31,2012-10-25,2012-10-25,2012-11-05,2012-11-05,5,2012-10-29;2012-10-30,,,,True
2012-11,2012-11-30,2012-11-26,2012-11-26,2012-12-05,2012-12-05,7,,,,,True
2012-12,2012-12-31,2012-12-24,2012-12-24,2013-01-04,2013-01-04,7,,,"Christmas Eve (rule only, unverified)",,True
2013-01,2013-01-31,2013-01-25,2013-01-25,2013-02-05,2013-02-05,7,,,,,True
2013-02,2013-02-28,2013-02-22,2013-02-22,2013-03-05,2013-03-05,7,,,,,True
2013-03,2013-03-28,2013-03-22,2013-03-22,2013-04-03,2013-04-03,7,,,,,True
2013-04,2013-04-30,2013-04-24,2013-04-24,2013-05-03,2013-05-03,7,,,,,True
2013-05,2013-05-31,2013-05-24,2013-05-24,2013-06-05,2013-06-05,7,,,,,True
2013-06,2013-06-28,2013-06-24,2013-06-24,2013-07-03,2013-07-03,7,,,,"July 3 (rule only, unverified)",True
2013-07,2013-07-31,2013-07-25,2013-07-25,2013-08-05,2013-08-05,7,,,,,True
2013-08,2013-08-30,2013-08-26,2013-08-26,2013-09-05,2013-09-05,7,,,,,True
2013-09,2013-09-30,2013-09-24,2013-09-24,2013-10-03,2013-10-03,7,,,,,True
2013-10,2013-10-31,2013-10-25,2013-10-25,2013-11-05,2013-11-05,7,,,,,True
2013-11,2013-11-29,2013-11-22,2013-11-22,2013-12-04,2013-12-04,7,,,,,True
2013-12,2013-12-31,2013-12-24,2013-12-24,2014-01-06,2014-01-06,7,,,"Christmas Eve (rule only, unverified)",,True
2014-01,2014-01-31,2014-01-27,2014-01-27,2014-02-05,2014-02-05,7,,,,,True
2014-02,2014-02-28,2014-02-24,2014-02-24,2014-03-05,2014-03-05,7,,,,,True
2014-03,2014-03-31,2014-03-25,2014-03-25,2014-04-03,2014-04-03,7,,,,,True
2014-04,2014-04-30,2014-04-24,2014-04-24,2014-05-05,2014-05-05,7,,,,,True
2014-05,2014-05-30,2014-05-23,2014-05-23,2014-06-04,2014-06-04,7,,,,,True
2014-06,2014-06-30,2014-06-24,2014-06-24,2014-07-03,2014-07-03,7,,,,"July 3 (rule only, unverified)",True
2014-07,2014-07-31,2014-07-25,2014-07-25,2014-08-05,2014-08-05,7,,,,,True
2014-08,2014-08-29,2014-08-25,2014-08-25,2014-09-04,2014-09-04,7,,,,,True
2014-09,2014-09-30,2014-09-24,2014-09-24,2014-10-03,2014-10-03,7,,,,,True
2014-10,2014-10-31,2014-10-27,2014-10-27,2014-11-05,2014-11-05,7,,,,,True
2014-11,2014-11-28,2014-11-21,2014-11-21,2014-12-03,2014-12-03,7,,,,,True
2014-12,2014-12-31,2014-12-24,2014-12-24,2015-01-06,2015-01-06,7,,,"Christmas Eve (rule only, unverified)",,True
2015-01,2015-01-30,2015-01-26,2015-01-26,2015-02-04,2015-02-04,7,,,,,True
2015-02,2015-02-27,2015-02-23,2015-02-23,2015-03-04,2015-03-04,7,,,,,True
2015-03,2015-03-31,2015-03-25,2015-03-25,2015-04-06,2015-04-06,7,,,,,True
2015-04,2015-04-30,2015-04-24,2015-04-24,2015-05-05,2015-05-05,7,,,,,True
2015-05,2015-05-29,2015-05-22,2015-05-22,2015-06-03,2015-06-03,7,,,,,True
2015-06,2015-06-30,2015-06-24,2015-06-24,2015-07-06,2015-07-06,7,,,,,True
2015-07,2015-07-31,2015-07-27,2015-07-27,2015-08-05,2015-08-05,7,,,,,True
2015-08,2015-08-31,2015-08-25,2015-08-25,2015-09-03,2015-09-03,7,,,,,True
2015-09,2015-09-30,2015-09-24,2015-09-24,2015-10-05,2015-10-05,7,,,,,True
2015-10,2015-10-30,2015-10-26,2015-10-26,2015-11-04,2015-11-04,7,,,,,True
2015-11,2015-11-30,2015-11-23,2015-11-23,2015-12-03,2015-12-03,7,,,,,True
2015-12,2015-12-31,2015-12-24,2015-12-24,2016-01-06,2016-01-06,7,,,"Christmas Eve (rule only, unverified)",,True
2016-01,2016-01-29,2016-01-25,2016-01-25,2016-02-03,2016-02-03,7,,,,,True
2016-02,2016-02-29,2016-02-23,2016-02-23,2016-03-03,2016-03-03,7,,,,,True
2016-03,2016-03-31,2016-03-24,2016-03-24,2016-04-05,2016-04-05,7,,,,,True
2016-04,2016-04-29,2016-04-25,2016-04-25,2016-05-04,2016-05-04,7,,,,,True
2016-05,2016-05-31,2016-05-24,2016-05-24,2016-06-03,2016-06-03,7,,,,,True
2016-06,2016-06-30,2016-06-24,2016-06-24,2016-07-06,2016-07-06,7,,,,,True
2016-07,2016-07-29,2016-07-25,2016-07-25,2016-08-03,2016-08-03,7,,,,,True
2016-08,2016-08-31,2016-08-25,2016-08-25,2016-09-06,2016-09-06,7,,,,,True
2016-09,2016-09-30,2016-09-26,2016-09-26,2016-10-05,2016-10-05,7,,,,,True
2016-10,2016-10-31,2016-10-25,2016-10-25,2016-11-03,2016-11-03,7,,,,,True
2016-11,2016-11-30,2016-11-23,2016-11-23,2016-12-05,2016-12-05,7,,,,,True
2016-12,2016-12-30,2016-12-23,2016-12-23,2017-01-05,2017-01-05,7,,,,,True
2017-01,2017-01-31,2017-01-25,2017-01-25,2017-02-03,2017-02-03,7,,,,,True
2017-02,2017-02-28,2017-02-22,2017-02-22,2017-03-03,2017-03-03,7,,,,,True
2017-03,2017-03-31,2017-03-27,2017-03-27,2017-04-05,2017-04-05,7,,,,,True
2017-04,2017-04-28,2017-04-24,2017-04-24,2017-05-03,2017-05-03,7,,,,,True
2017-05,2017-05-31,2017-05-24,2017-05-24,2017-06-05,2017-06-05,7,,,,,True
2017-06,2017-06-30,2017-06-26,2017-06-26,2017-07-06,2017-07-06,7,,,,,True
2017-07,2017-07-31,2017-07-25,2017-07-25,2017-08-03,2017-08-03,7,,,,,True
2017-08,2017-08-31,2017-08-25,2017-08-25,2017-09-06,2017-09-06,7,,,,,True
2017-09,2017-09-29,2017-09-25,2017-09-25,2017-10-04,2017-10-04,7,,,,,True
2017-10,2017-10-31,2017-10-25,2017-10-25,2017-11-03,2017-11-03,7,,,,,True
2017-11,2017-11-30,2017-11-24,2017-11-24,2017-12-05,2017-12-05,7,,,"day after Thanksgiving (rule only, unverified)",,True
2017-12,2017-12-29,2017-12-22,2017-12-22,2018-01-04,2018-01-04,7,,,,,True
2018-01,2018-01-31,2018-01-25,2018-01-25,2018-02-05,2018-02-05,7,,,,,True
2018-02,2018-02-28,2018-02-22,2018-02-22,2018-03-05,2018-03-05,7,,,,,True
2018-03,2018-03-29,2018-03-23,2018-03-23,2018-04-04,2018-04-04,7,,,,,True
2018-04,2018-04-30,2018-04-24,2018-04-24,2018-05-03,2018-05-03,7,,,,,True
2018-05,2018-05-31,2018-05-24,2018-05-24,2018-06-05,2018-06-05,7,,,,,True
2018-06,2018-06-29,2018-06-25,2018-06-25,2018-07-05,2018-07-05,7,,,,,True
2018-07,2018-07-31,2018-07-25,2018-07-25,2018-08-03,2018-08-03,7,,,,,True
2018-08,2018-08-31,2018-08-27,2018-08-27,2018-09-06,2018-09-06,7,,,,,True
2018-09,2018-09-28,2018-09-24,2018-09-24,2018-10-03,2018-10-03,7,,,,,True
2018-10,2018-10-31,2018-10-25,2018-10-25,2018-11-05,2018-11-05,7,,,,,True
2018-11,2018-11-30,2018-11-26,2018-11-26,2018-12-05,2018-12-06,7,2018-12-05,,,,True
2018-12,2018-12-31,2018-12-24,2018-12-24,2019-01-04,2019-01-04,7,,,"Christmas Eve (rule only, unverified)",,True
2019-01,2019-01-31,2019-01-25,2019-01-25,2019-02-05,2019-02-05,7,,,,,True
2019-02,2019-02-28,2019-02-22,2019-02-22,2019-03-05,2019-03-05,7,,,,,True
2019-03,2019-03-29,2019-03-25,2019-03-25,2019-04-03,2019-04-03,7,,,,,True
2019-04,2019-04-30,2019-04-24,2019-04-24,2019-05-03,2019-05-03,7,,,,,True
2019-05,2019-05-31,2019-05-24,2019-05-24,2019-06-05,2019-06-05,7,,,,,True
2019-06,2019-06-28,2019-06-24,2019-06-24,2019-07-03,2019-07-03,7,,,,"July 3 (rule only, unverified)",True
2019-07,2019-07-31,2019-07-25,2019-07-25,2019-08-05,2019-08-05,7,,,,,True
2019-08,2019-08-30,2019-08-26,2019-08-26,2019-09-05,2019-09-05,7,,,,,True
2019-09,2019-09-30,2019-09-24,2019-09-24,2019-10-03,2019-10-03,7,,,,,True
2019-10,2019-10-31,2019-10-25,2019-10-25,2019-11-05,2019-11-05,7,,,,,True
2019-11,2019-11-29,2019-11-22,2019-11-22,2019-12-04,2019-12-04,7,,,,,True
2019-12,2019-12-31,2019-12-24,2019-12-24,2020-01-06,2020-01-06,7,,,"Christmas Eve (rule only, unverified)",,True
2020-01,2020-01-31,2020-01-27,2020-01-27,2020-02-05,2020-02-05,7,,,,,True
2020-02,2020-02-28,2020-02-24,2020-02-24,2020-03-04,2020-03-04,7,,,,,True
2020-03,2020-03-31,2020-03-25,2020-03-25,2020-04-03,2020-04-03,7,,,,,True
2020-04,2020-04-30,2020-04-24,2020-04-24,2020-05-05,2020-05-05,7,,,,,True
2020-05,2020-05-29,2020-05-22,2020-05-22,2020-06-03,2020-06-03,7,,,,,True
2020-06,2020-06-30,2020-06-24,2020-06-24,2020-07-06,2020-07-06,7,,,,,True
2020-07,2020-07-31,2020-07-27,2020-07-27,2020-08-05,2020-08-05,7,,,,,True
2020-08,2020-08-31,2020-08-25,2020-08-25,2020-09-03,2020-09-03,7,,,,,True
2020-09,2020-09-30,2020-09-24,2020-09-24,2020-10-05,2020-10-05,7,,,,,True
2020-10,2020-10-30,2020-10-26,2020-10-26,2020-11-04,2020-11-04,7,,,,,True
2020-11,2020-11-30,2020-11-23,2020-11-23,2020-12-03,2020-12-03,7,,,,,True
2020-12,2020-12-31,2020-12-24,2020-12-24,2021-01-06,2021-01-06,7,,,Christmas Eve (observed short in minute feed),,True
2021-01,2021-01-29,2021-01-25,2021-01-25,2021-02-03,2021-02-03,7,,,,,True
2021-02,2021-02-26,2021-02-22,2021-02-22,2021-03-03,2021-03-03,7,,,,,True
2021-03,2021-03-31,2021-03-25,2021-03-25,2021-04-06,2021-04-06,7,,,,,True
2021-04,2021-04-30,2021-04-26,2021-04-26,2021-05-05,2021-05-05,7,,,,,True
2021-05,2021-05-28,2021-05-24,2021-05-24,2021-06-03,2021-06-03,7,,,,,True
2021-06,2021-06-30,2021-06-24,2021-06-24,2021-07-06,2021-07-06,7,,,,,True
2021-07,2021-07-30,2021-07-26,2021-07-26,2021-08-04,2021-08-04,7,,,,,True
2021-08,2021-08-31,2021-08-25,2021-08-25,2021-09-03,2021-09-03,7,,,,,True
2021-09,2021-09-30,2021-09-24,2021-09-24,2021-10-05,2021-10-05,7,,,,,True
2021-10,2021-10-29,2021-10-25,2021-10-25,2021-11-03,2021-11-03,7,,,,,True
2021-11,2021-11-30,2021-11-23,2021-11-23,2021-12-03,2021-12-03,7,,,,,True
2021-12,2021-12-31,2021-12-27,2021-12-27,2022-01-05,2022-01-05,7,,,,,True
2022-01,2022-01-31,2022-01-25,2022-01-25,2022-02-03,2022-02-03,7,,,,,True
2022-02,2022-02-28,2022-02-22,2022-02-22,2022-03-03,2022-03-03,7,,,,,True
2022-03,2022-03-31,2022-03-25,2022-03-25,2022-04-05,2022-04-05,7,,,,,True
2022-04,2022-04-29,2022-04-25,2022-04-25,2022-05-04,2022-05-04,7,,,,,True
2022-05,2022-05-31,2022-05-24,2022-05-24,2022-06-03,2022-06-03,7,,,,,True
2022-06,2022-06-30,2022-06-24,2022-06-24,2022-07-06,2022-07-06,7,,,,,True
2022-07,2022-07-29,2022-07-25,2022-07-25,2022-08-03,2022-08-03,7,,,,,True
2022-08,2022-08-31,2022-08-25,2022-08-25,2022-09-06,2022-09-06,7,,,,,True
2022-09,2022-09-30,2022-09-26,2022-09-26,2022-10-05,2022-10-05,7,,,,,True
2022-10,2022-10-31,2022-10-25,2022-10-25,2022-11-03,2022-11-03,7,,,,,True
2022-11,2022-11-30,2022-11-23,2022-11-23,2022-12-05,2022-12-05,7,,,,,True
2022-12,2022-12-30,2022-12-23,2022-12-23,2023-01-05,2023-01-05,7,,,,,True
2023-01,2023-01-31,2023-01-25,2023-01-25,2023-02-03,2023-02-03,7,,,,,True
2023-02,2023-02-28,2023-02-22,2023-02-22,2023-03-03,2023-03-03,7,,,,,True
2023-03,2023-03-31,2023-03-27,2023-03-27,2023-04-05,2023-04-05,7,,,,,True
2023-04,2023-04-28,2023-04-24,2023-04-24,2023-05-03,2023-05-03,7,,,,,True
2023-05,2023-05-31,2023-05-24,2023-05-24,2023-06-05,2023-06-05,7,,,,,True
2023-06,2023-06-30,2023-06-26,2023-06-26,2023-07-06,2023-07-06,7,,,,,True
2023-07,2023-07-31,2023-07-25,2023-07-25,2023-08-03,2023-08-03,7,,,,,True
2023-08,2023-08-31,2023-08-25,2023-08-25,2023-09-06,2023-09-06,7,,,,,True
2023-09,2023-09-29,2023-09-25,2023-09-25,2023-10-04,2023-10-04,7,,,,,True
2023-10,2023-10-31,2023-10-25,2023-10-25,2023-11-03,2023-11-03,7,,,,,True
2023-11,2023-11-30,2023-11-24,2023-11-24,2023-12-05,2023-12-05,7,,,day after Thanksgiving (observed short in minute feed),,True
2023-12,2023-12-29,2023-12-22,2023-12-22,2024-01-04,2024-01-04,7,,,,,True
2024-01,2024-01-31,2024-01-25,2024-01-25,2024-02-05,2024-02-05,7,,,,,True
2024-02,2024-02-29,2024-02-23,2024-02-23,2024-03-05,2024-03-05,7,,,,,True
2024-03,2024-03-28,2024-03-22,2024-03-22,2024-04-03,2024-04-03,7,,,,,True
2024-04,2024-04-30,2024-04-24,2024-04-24,2024-05-03,2024-05-03,7,,,,,True
2024-05,2024-05-31,2024-05-24,2024-05-24,2024-06-05,2024-06-05,7,,,,,True
2024-06,2024-06-28,2024-06-24,2024-06-24,2024-07-03,2024-07-03,7,,,,July 3 (observed short in minute feed),True
2024-07,2024-07-31,2024-07-25,2024-07-25,2024-08-05,2024-08-05,7,,,,,True
2024-08,2024-08-30,2024-08-26,2024-08-26,2024-09-05,2024-09-05,7,,,,,True
2024-09,2024-09-30,2024-09-24,2024-09-24,2024-10-03,2024-10-03,7,,,,,True
2024-10,2024-10-31,2024-10-25,2024-10-25,2024-11-05,2024-11-05,7,,,,,True
2024-11,2024-11-29,2024-11-22,2024-11-22,2024-12-04,2024-12-04,7,,,,,True
2024-12,2024-12-31,2024-12-24,2024-12-24,2025-01-06,2025-01-06,7,,,Christmas Eve (observed short in minute feed),,True
2025-01,2025-01-31,2025-01-27,2025-01-27,2025-02-05,2025-02-05,7,,,,,True
2025-02,2025-02-28,2025-02-24,2025-02-24,2025-03-05,2025-03-05,7,,,,,True
2025-03,2025-03-31,2025-03-25,2025-03-25,2025-04-03,2025-04-03,7,,,,,True
2025-04,2025-04-30,2025-04-24,2025-04-24,2025-05-05,2025-05-05,7,,,,,True
2025-05,2025-05-30,2025-05-23,2025-05-23,2025-06-04,2025-06-04,7,,,,,True
2025-06,2025-06-30,2025-06-24,2025-06-24,2025-07-03,2025-07-03,7,,,,July 3 (observed short in minute feed),True
2025-07,2025-07-31,2025-07-25,2025-07-25,2025-08-05,2025-08-05,7,,,,,True
2025-08,2025-08-29,2025-08-25,2025-08-25,2025-09-04,2025-09-04,7,,,,,True
2025-09,2025-09-30,2025-09-24,2025-09-24,2025-10-03,2025-10-03,7,,,,,True
2025-10,2025-10-31,2025-10-27,2025-10-27,2025-11-05,2025-11-05,7,,,,,True
2025-11,2025-11-28,2025-11-21,2025-11-21,2025-12-03,2025-12-03,7,,,,,True
2025-12,2025-12-31,2025-12-24,2025-12-24,2026-01-06,2026-01-06,7,,,Christmas Eve (observed short in minute feed),,True
2026-01,2026-01-30,2026-01-26,2026-01-26,2026-02-04,2026-02-04,7,,,,,True
2026-02,2026-02-27,2026-02-23,2026-02-23,2026-03-04,2026-03-04,7,,,,,True
2026-03,2026-03-31,2026-03-25,2026-03-25,2026-04-06,2026-04-06,7,,,,,True
2026-04,2026-04-30,2026-04-24,2026-04-24,2026-05-05,2026-05-05,7,,,,,True
2026-05,2026-05-29,2026-05-22,2026-05-22,2026-06-03,2026-06-03,7,,,,,True
2026-06,2026-06-30,2026-06-24,2026-06-24,2026-07-06,2026-07-06,7,,,,,True
2026-07,2026-07-31,2026-07-27,2026-07-27,2026-08-05,2026-08-05,7,,,,,True
2026-08,2026-08-31,2026-08-25,2026-08-25,2026-09-03,2026-09-03,5,,2026-09-02;2026-09-03,,,False
