timestamp,open,high,low,close,volume
2020-07-27,21.73,21.75,21.47,21.64,880095.0
2020-07-28,21.62,21.69,21.5,21.57,1024921.0
2020-07-29,21.57,22.03,21.53,22.02,988024.0
2020-07-30,21.55,21.65,21.33,21.61,1075213.0
2020-07-31,21.58,21.63,21.33,21.62,847476.0
2020-08-03,21.68,21.85,21.55,21.67,1081351.0
2020-08-04,21.6,21.62,21.48,21.58,605145.0
2020-08-05,21.73,21.94,21.73,21.89,952882.0
2020-08-06,21.81,21.96,21.73,21.87,667734.0
2020-08-07,21.76,22.36,21.73,22.34,1258399.0
2020-08-10,22.44,22.59,22.38,22.48,811940.0
2020-08-11,22.92,23.13,22.72,22.78,1435955.0
2020-08-12,23.13,23.14,22.55,22.7,1158565.0
2020-08-13,22.53,22.71,22.45,22.58,750864.0
2020-08-14,22.43,22.75,22.42,22.63,621814.0
2020-08-17,22.56,22.58,22.27,22.29,740078.0
2020-08-18,22.27,22.34,22.11,22.14,631756.0
2020-08-19,22.2,22.43,22.06,22.13,1036070.0
2020-08-20,21.86,22.03,21.85,21.94,622942.0
2020-08-21,21.86,22.06,21.8,21.88,1225678.0
2020-08-24,22.01,22.38,21.94,22.38,1097564.0
2020-08-25,22.58,22.64,22.31,22.45,702300.0
2020-08-26,22.36,22.45,22.27,22.33,637696.0
2020-08-27,22.35,22.82,22.35,22.73,968315.0
2020-08-28,22.88,22.88,22.62,22.83,1032903.0
2020-08-31,22.77,22.77,22.56,22.56,1240061.0
2020-09-01,22.4,22.68,22.36,22.6,581135.0
2020-09-02,22.58,23.01,22.53,22.94,677503.0
2020-09-03,23.08,23.4,22.44,22.59,1121895.0
2020-09-04,23.0,23.1,22.39,22.76,1240765.0
2020-09-08,22.54,22.56,22.1,22.17,1700454.0
2020-09-09,22.34,22.55,22.24,22.37,724587.0
2020-09-10,22.46,22.6,22.03,22.06,646794.0
2020-09-11,22.11,22.34,22.04,22.24,920813.0
2020-09-14,22.42,22.73,22.37,22.53,996637.0
2020-09-15,22.58,22.6,22.21,22.23,773250.0
2020-09-16,22.29,22.73,22.23,22.47,1091933.0
2020-09-17,22.16,22.37,22.11,22.25,1293968.0
2020-09-18,22.23,22.41,22.16,22.19,1047440.0
2020-09-21,21.67,21.85,21.31,21.65,1905110.0
2020-09-22,21.57,21.8,21.28,21.46,2363145.0
2020-09-23,21.5,21.65,20.99,20.99,929553.0
2020-09-24,20.97,21.33,20.75,21.03,1300917.0
2020-09-25,20.89,21.31,20.84,21.26,584305.0
2020-09-28,21.6,21.9,21.55,21.71,1064666.0
2020-09-29,21.67,21.72,21.36,21.5,593405.0
2020-09-30,21.58,21.95,21.58,21.8,954926.0
2020-10-01,21.85,22.0,21.64,21.82,1263135.0
2020-10-02,21.47,22.1,21.47,21.96,1551332.0
2020-10-05,22.2,22.41,22.14,22.34,1510917.0
2020-10-06,22.54,22.68,22.04,22.1,1410985.0
2020-10-07,22.33,22.59,22.33,22.49,677276.0
2020-10-08,22.61,22.84,22.56,22.8,1125213.0
2020-10-09,22.9,22.95,22.65,22.81,963981.0
2020-10-12,22.83,23.14,22.81,23.06,810261.0
2020-10-13,23.01,23.06,22.57,22.65,793847.0
2020-10-14,22.64,22.71,22.39,22.39,616271.0
2020-10-15,22.21,22.59,22.19,22.59,653454.0
2020-10-16,22.63,22.74,22.5,22.62,753095.0
2020-10-19,22.69,22.69,22.22,22.25,879641.0
2020-10-20,22.42,22.69,22.41,22.43,1048571.0
2020-10-21,22.4,22.54,22.32,22.35,765554.0
2020-10-22,22.32,22.79,22.31,22.76,833440.0
2020-10-23,22.92,22.98,22.68,22.84,530373.0
2020-10-26,22.52,22.55,22.11,22.33,1074492.0
2020-10-27,22.28,22.28,21.9,21.9,1238336.0
2020-10-28,21.47,21.64,21.23,21.35,1386355.0
2020-10-29,21.26,21.67,21.04,21.52,1014942.0
2020-10-30,21.45,21.62,21.23,21.58,1181083.0
2020-11-02,21.9,22.08,21.68,21.98,762806.0
2020-11-03,22.4,22.69,22.37,22.49,1666958.0
2020-11-04,22.11,22.61,21.89,22.2,1454250.0
2020-11-05,22.41,22.91,22.41,22.76,1106528.0
2020-11-06,22.88,22.88,22.5,22.57,1038774.0
2020-11-09,24.39,24.81,24.12,24.42,3141684.0
2020-11-10,24.48,24.64,24.24,24.58,1443144.0
2020-11-11,24.69,24.69,24.31,24.48,780861.0
2020-11-12,24.15,24.2,23.84,24.07,848518.0
2020-11-13,24.26,24.55,24.22,24.45,1200018.0
2020-11-16,25.05,25.06,24.76,25.0,1406648.0
2020-11-17,24.71,25.0,24.54,24.95,1479730.0
2020-11-18,25.06,25.27,24.72,24.72,919837.0
2020-11-19,24.55,24.83,24.45,24.81,790115.0
2020-11-20,24.67,24.76,24.53,24.59,1213399.0
2020-11-23,24.9,25.11,24.78,25.06,965025.0
2020-11-24,25.49,25.95,25.42,25.94,1270968.0
2020-11-25,25.68,25.85,25.53,25.84,532712.0
2020-11-27,25.81,25.86,25.65,25.72,512572.0
2020-11-30,25.57,25.66,25.18,25.24,1820578.0
2020-12-01,25.67,25.83,25.59,25.64,1127687.0
2020-12-02,25.56,25.93,25.53,25.9,805897.0
2020-12-03,25.87,26.04,25.75,25.92,674648.0
2020-12-04,26.07,26.25,26.06,26.21,1216170.0
2020-12-07,26.06,26.09,25.88,26.03,647973.0
2020-12-08,25.8,26.08,25.79,26.03,425577.0
2020-12-09,26.18,26.18,25.86,25.95,678180.0
2020-12-10,25.76,26.03,25.68,26.01,970041.0
2020-12-11,25.71,25.8,25.54,25.75,1054146.0
2020-12-14,26.07,26.07,25.43,25.44,743164.0
2020-12-15,25.63,25.95,25.5,25.87,658069.0
2020-12-16,25.9,25.94,25.8,25.9,581880.0
2020-12-17,25.99,26.04,25.85,26.0,1099133.0
2020-12-18,26.01,26.03,25.62,25.79,1007640.0
2020-12-21,26.0,26.23,25.67,26.11,1456232.0
2020-12-22,26.14,26.14,25.85,25.85,717138.0
2020-12-23,26.03,26.43,26.03,26.27,1043606.0
2020-12-24,26.31,26.33,26.11,26.32,336650.0
2020-12-28,26.5,26.65,26.38,26.44,495342.0
2020-12-29,26.53,26.55,26.34,26.34,326931.0
2020-12-30,26.4,26.55,26.4,26.46,312253.0
2020-12-31,26.46,26.84,26.38,26.82,629865.0
2021-01-04,26.91,26.91,26.22,26.43,904216.0
2021-01-05,26.45,26.66,26.3,26.56,381716.0
2021-01-06,27.12,27.95,27.08,27.73,2411566.0
2021-01-07,28.15,28.43,28.08,28.15,2284167.0
2021-01-08,28.23,28.23,27.75,28.1,961229.0
2021-01-11,27.82,28.25,27.73,28.21,812522.0
2021-01-12,28.38,28.63,28.29,28.52,1009824.0
2021-01-13,28.39,28.55,28.28,28.49,901436.0
2021-01-14,28.57,28.75,28.46,28.63,1118263.0
2021-01-15,28.2,28.36,27.93,28.13,1723923.0
2021-01-19,28.27,28.35,28.04,28.23,1108872.0
2021-01-20,28.22,28.24,27.99,28.09,1088637.0
2021-01-21,28.04,28.12,27.79,27.8,1589592.0
2021-01-22,27.52,27.69,27.47,27.59,977369.0
2021-01-25,27.35,27.42,27.05,27.38,1022500.0
2021-01-26,27.49,27.53,27.15,27.17,688914.0
2021-01-27,26.8,26.8,26.31,26.38,1712644.0
2021-01-28,26.68,27.17,26.63,26.86,758748.0
2021-01-29,26.8,26.85,26.22,26.33,1332828.0
2021-02-01,26.58,26.71,26.4,26.66,653971.0
2021-02-02,26.98,27.45,26.97,27.29,1054977.0
2021-02-03,27.26,27.48,27.24,27.44,635915.0
2021-02-04,27.58,28.09,27.57,28.09,1139530.0
2021-02-05,28.26,28.28,28.03,28.09,547929.0
2021-02-08,28.2,28.44,28.2,28.44,1017679.0
2021-02-09,28.37,28.54,28.27,28.45,510952.0
2021-02-10,28.58,28.64,28.33,28.43,622549.0
2021-02-11,28.48,28.59,28.19,28.4,774005.0
2021-02-12,28.34,28.69,28.34,28.68,487390.0
2021-02-16,28.95,29.29,28.85,29.18,1378333.0
2021-02-17,29.06,29.33,28.97,29.28,776510.0
2021-02-18,29.1,29.26,28.9,29.13,479160.0
2021-02-19,29.29,29.57,29.29,29.46,721534.0
2021-02-22,29.37,29.85,29.37,29.76,1033707.0
2021-02-23,29.95,29.96,29.62,29.92,1840098.0
2021-02-24,29.98,30.59,29.95,30.51,1718797.0
2021-02-25,30.71,30.76,29.88,29.96,1804689.0
2021-02-26,29.91,29.99,29.28,29.36,1421851.0
2021-03-01,29.92,30.48,29.9,30.29,1104614.0
2021-03-02,30.25,30.43,30.17,30.2,903935.0
2021-03-03,30.32,30.88,30.29,30.44,1581699.0
2021-03-04,30.39,30.63,29.64,30.08,1658819.0
2021-03-05,30.53,30.73,29.81,30.65,1567133.0
2021-03-08,30.89,31.44,30.76,31.03,1644355.0
2021-03-09,30.81,31.2,30.49,30.77,1687848.0
2021-03-10,30.89,31.5,30.86,31.37,1071608.0
2021-03-11,31.26,31.54,31.05,31.3,789569.0
2021-03-12,31.65,31.76,31.52,31.63,1055639.0
2021-03-15,31.68,31.68,31.15,31.46,990322.0
2021-03-16,31.28,31.3,30.87,31.1,867283.0
2021-03-17,31.34,31.49,30.99,31.32,981144.0
2021-03-18,31.64,32.08,31.37,31.49,2023766.0
2021-03-19,31.23,31.26,30.79,31.1,2081586.0
2021-03-22,30.92,30.95,30.61,30.71,905208.0
2021-03-23,30.53,30.74,30.18,30.28,1315119.0
2021-03-24,30.49,30.87,30.4,30.41,1112199.0
2021-03-25,30.38,30.95,30.14,30.89,873018.0
2021-03-26,31.23,31.44,31.0,31.41,781695.0
2021-03-29,30.97,31.32,30.8,31.12,3313240.0
2021-03-30,31.28,31.48,31.26,31.35,949806.0
2021-03-31,31.22,31.4,31.09,31.09,670261.0
2021-04-01,31.08,31.48,31.08,31.47,847260.0
2021-04-05,31.8,31.86,31.63,31.73,1014295.0
2021-04-06,31.66,31.81,31.56,31.7,434707.0
2021-04-07,31.73,31.88,31.61,31.82,475260.0
2021-04-08,31.69,31.87,31.5,31.82,790850.0
2021-04-09,32.02,32.12,31.87,32.1,409909.0
2021-04-12,32.12,32.25,32.11,32.22,775070.0
2021-04-13,32.08,32.1,31.77,31.93,571459.0
2021-04-14,31.85,32.36,31.81,32.15,673531.0
2021-04-15,32.23,32.24,31.81,32.12,657439.0
2021-04-16,32.39,32.44,32.19,32.32,975154.0
2021-04-19,32.33,32.41,32.14,32.23,546418.0
2021-04-20,32.06,32.06,31.53,31.65,774894.0
2021-04-21,31.54,32.1,31.44,32.1,619012.0
2021-04-22,32.02,32.08,31.68,31.74,811234.0
2021-04-23,31.74,32.45,31.69,32.32,890355.0
2021-04-26,32.46,32.74,32.41,32.43,508385.0
2021-04-27,32.48,32.74,32.42,32.72,741363.0
2021-04-28,32.84,32.9,32.74,32.83,784048.0
2021-04-29,33.1,33.44,33.07,33.42,513370.0
2021-04-30,33.23,33.35,33.07,33.11,679471.0
2021-05-03,33.37,33.47,33.16,33.28,407613.0
2021-05-04,33.15,33.54,32.92,33.51,747749.0
2021-05-05,33.63,33.95,33.44,33.83,806566.0
2021-05-06,33.96,34.33,33.77,34.31,701029.0
2021-05-07,33.93,34.52,33.87,34.5,1281648.0
2021-05-10,34.68,34.94,34.46,34.47,900694.0
2021-05-11,34.18,34.43,33.74,33.89,1427306.0
2021-05-12,34.13,34.26,33.39,33.5,1375488.0
2021-05-13,33.41,34.26,33.38,34.08,1379907.0
2021-05-14,34.26,34.68,34.23,34.61,563927.0
2021-05-17,34.52,34.69,34.36,34.66,789419.0
2021-05-18,34.65,34.75,34.17,34.18,724307.0
2021-05-19,33.73,33.99,33.43,33.98,1355245.0
2021-05-20,33.96,34.22,33.76,34.0,892785.0
2021-05-21,34.12,34.5,34.11,34.31,900008.0
2021-05-24,34.46,34.57,34.31,34.47,588096.0
2021-05-25,34.56,34.8,34.1,34.15,612336.0
2021-05-26,34.29,34.39,34.01,34.26,734249.0
2021-05-27,34.56,34.72,34.35,34.67,873515.0
2021-05-28,34.78,34.78,34.45,34.69,904162.0
2021-06-01,35.04,35.14,34.81,34.91,952865.0
2021-06-02,35.03,35.05,34.78,34.96,736371.0
2021-06-03,34.84,35.25,34.75,35.06,1049203.0
2021-06-04,35.11,35.17,34.83,35.13,625313.0
2021-06-07,35.13,35.17,34.85,34.9,924288.0
2021-06-08,34.71,34.93,34.46,34.83,796745.0
2021-06-09,34.65,34.68,34.41,34.47,777788.0
2021-06-10,34.76,34.87,34.06,34.08,916353.0
2021-06-11,34.18,34.31,34.15,34.29,791180.0
2021-06-14,34.23,34.29,33.75,33.95,1196905.0
2021-06-15,33.97,34.18,33.8,34.0,941212.0
2021-06-16,33.9,34.2,33.57,33.98,2042475.0
2021-06-17,34.16,34.16,32.88,32.99,2390846.0
2021-06-18,32.48,32.63,32.14,32.17,3611624.0
2021-06-21,32.5,32.95,32.45,32.93,1666571.0
2021-06-22,32.9,33.11,32.68,32.97,1005420.0
2021-06-23,33.06,33.2,32.97,33.06,1385609.0
2021-06-24,33.22,33.54,33.09,33.45,1438191.0
2021-06-25,33.6,33.95,33.45,33.87,2583260.0
2021-06-28,33.8,33.8,33.43,33.6,960310.0
2021-06-29,33.78,33.97,33.41,33.49,1204634.0
2021-06-30,33.4,33.71,33.4,33.66,788196.0
2021-07-01,33.82,33.93,33.65,33.92,701364.0
2021-07-02,33.92,33.93,33.74,33.88,808028.0
2021-07-06,33.79,33.8,33.13,33.35,1732841.0
2021-07-07,33.14,33.47,33.07,33.38,590457.0
2021-07-08,32.8,33.05,32.57,32.73,1316585.0
2021-07-09,33.21,33.7,33.11,33.65,1250491.0
2021-07-12,33.47,34.05,33.33,33.98,863601.0
2021-07-13,33.86,33.93,33.5,33.63,546607.0
2021-07-14,33.67,33.86,33.11,33.47,821769.0
2021-07-15,33.16,33.79,33.15,33.58,988736.0
2021-07-16,33.73,33.74,33.05,33.14,1258693.0
2021-07-19,32.42,32.65,32.01,32.21,1768735.0
2021-07-20,32.18,33.21,32.1,32.99,1257128.0
2021-07-21,33.25,33.72,33.24,33.54,1623597.0
2021-07-22,33.49,33.52,33.06,33.2,741062.0
2021-07-23,33.4,33.6,33.16,33.24,572296.0
2021-07-26,33.17,33.51,33.17,33.42,475738.0
2021-07-27,33.15,33.57,33.03,33.45,599543.0
2021-07-28,33.54,33.59,33.18,33.37,630801.0
2021-07-29,33.65,33.9,33.46,33.74,1017333.0
2021-07-30,33.67,33.89,33.41,33.51,1025736.0
2021-08-02,33.66,34.08,33.46,33.48,712858.0
2021-08-03,33.6,33.92,33.14,33.86,797165.0
2021-08-04,33.54,33.93,33.47,33.6,657882.0
2021-08-05,33.8,34.03,33.79,34.02,795743.0
2021-08-06,34.37,34.78,34.35,34.71,1399884.0
2021-08-09,34.67,34.97,34.51,34.82,890820.0
2021-08-10,34.78,35.27,34.74,35.17,741327.0
2021-08-11,35.27,35.58,35.12,35.57,941144.0
2021-08-12,35.62,35.69,35.41,35.63,867001.0
2021-08-13,35.65,35.67,35.3,35.38,702018.0
2021-08-16,35.15,35.32,34.84,35.31,1091786.0
2021-08-17,35.02,35.3,34.69,35.02,717620.0
2021-08-18,34.86,35.14,34.58,34.6,657007.0
2021-08-19,34.2,34.6,34.13,34.34,1221312.0
2021-08-20,34.33,34.61,34.23,34.56,646554.0
2021-08-23,34.78,34.99,34.78,34.83,444133.0
2021-08-24,34.95,35.13,34.89,35.06,812752.0
2021-08-25,35.18,35.69,35.1,35.49,977430.0
2021-08-26,35.59,35.67,35.27,35.3,642090.0
2021-08-27,35.37,35.77,35.35,35.77,882804.0
2021-08-30,35.78,35.78,35.24,35.24,835557.0
2021-08-31,35.23,35.47,35.08,35.22,1555613.0
2021-09-01,35.25,35.25,34.9,35.0,1185408.0
2021-09-02,35.09,35.25,35.0,35.12,626691.0
2021-09-03,35.07,35.13,34.83,34.92,689319.0
2021-09-07,34.94,35.02,34.7,34.72,836398.0
2021-09-08,34.62,34.76,34.44,34.6,443274.0
2021-09-09,34.57,35.04,34.55,34.7,525765.0
2021-09-10,34.91,34.95,34.46,34.47,886450.0
2021-09-13,34.73,34.9,34.61,34.86,617507.0
2021-09-14,34.97,35.1,34.27,34.37,1091990.0
2021-09-15,34.4,34.8,34.34,34.7,795364.0
2021-09-16,34.85,34.99,34.47,34.62,941582.0
2021-09-17,34.56,34.77,34.37,34.44,2029694.0
2021-09-20,33.62,33.79,33.19,33.68,1860125.0
2021-09-21,33.89,33.96,33.54,33.62,722387.0
2021-09-22,34.06,34.41,33.97,34.17,1586165.0
2021-09-23,34.49,35.18,34.46,35.02,2174316.0
2021-09-24,34.97,35.32,34.95,35.22,970723.0
2021-09-27,35.5,35.78,35.45,35.67,1661193.0
2021-09-28,35.67,35.83,35.04,35.11,1520973.0
2021-09-29,35.19,35.27,34.96,35.14,928906.0
2021-09-30,35.3,35.3,34.56,34.57,1553626.0
2021-10-01,34.71,35.37,34.54,35.1,1335398.0
2021-10-04,35.06,35.51,34.78,34.86,890010.0
2021-10-05,35.1,35.68,34.97,35.49,1225398.0
2021-10-06,35.19,35.58,34.94,35.56,1235145.0
2021-10-07,35.91,36.14,35.72,35.77,751354.0
2021-10-08,35.78,36.06,35.63,35.93,677889.0
2021-10-11,36.06,36.28,35.56,35.58,1156098.0
2021-10-12,35.54,35.7,35.38,35.47,902094.0
2021-10-13,35.47,35.49,34.76,35.25,2076297.0
2021-10-14,35.65,35.86,35.33,35.84,879322.0
2021-10-15,36.22,36.57,36.09,36.38,2245177.0
2021-10-18,36.28,36.6,36.22,36.39,1901606.0
2021-10-19,36.58,36.76,36.44,36.75,760933.0
2021-10-20,36.69,37.04,36.59,37.04,915345.0
2021-10-21,36.98,37.12,36.71,36.91,1105590.0
2021-10-22,37.06,37.47,37.05,37.4,1113851.0
2021-10-25,37.5,37.53,37.28,37.35,647286.0
2021-10-26,37.46,37.63,37.34,37.39,646739.0
2021-10-27,37.27,37.47,36.77,36.77,1285820.0
2021-10-28,36.92,37.24,36.91,37.23,724424.0
2021-10-29,37.24,37.33,37.01,37.07,681235.0
2021-11-01,37.34,37.42,36.95,37.11,910655.0
2021-11-02,37.12,37.29,36.99,37.18,530427.0
2021-11-03,37.04,37.46,37.01,37.31,1126526.0
2021-11-04,37.21,37.22,36.55,36.83,962603.0
2021-11-05,37.17,37.29,36.74,36.86,937066.0
2021-11-08,37.09,37.33,36.97,37.05,711086.0
2021-11-09,36.87,36.96,36.63,36.85,766452.0
2021-11-10,36.81,37.02,36.7,36.8,887373.0
2021-11-11,36.83,37.01,36.7,36.9,470765.0
2021-11-12,36.92,36.99,36.65,36.97,740339.0
2021-11-15,37.06,37.17,36.9,36.97,619394.0
2021-11-16,37.03,37.16,36.85,36.92,703207.0
2021-11-17,36.86,36.88,36.42,36.51,1106874.0
2021-11-18,36.52,36.62,36.17,36.32,764537.0
2021-11-19,36.02,36.14,35.66,35.92,1427788.0
2021-11-22,36.4,36.79,36.14,36.44,1979966.0
2021-11-23,36.65,37.04,36.53,37.01,1438309.0
2021-11-24,36.94,37.07,36.79,36.92,693968.0
2021-11-26,35.76,35.91,35.31,35.73,1789700.0
2021-11-29,36.14,36.25,35.55,35.84,1699539.0
2021-11-30,35.39,35.53,34.91,34.96,2639463.0
2021-12-01,35.53,35.81,34.59,34.59,1758552.0
2021-12-02,34.9,35.79,34.78,35.59,1897687.0
2021-12-03,35.69,35.74,34.75,35.05,1396064.0
2021-12-06,35.49,35.9,35.34,35.55,1652947.0
2021-12-07,35.96,36.29,35.81,36.18,2561914.0
2021-12-08,36.21,36.35,35.92,36.01,992148.0
2021-12-09,35.82,36.11,35.7,35.92,949694.0
2021-12-10,36.14,36.17,35.74,35.97,1010024.0
2021-12-13,35.89,35.89,35.46,35.56,715082.0
2021-12-14,35.51,36.05,35.5,35.78,771162.0
2021-12-15,35.89,35.99,35.46,35.9,1601936.0
2021-12-16,36.3,36.59,36.12,36.32,1324766.0
2021-12-17,36.09,36.13,35.33,35.52,1882102.0
2021-12-20,35.03,35.03,34.44,34.85,1709750.0
2021-12-21,35.22,35.72,35.22,35.55,1352487.0
2021-12-22,35.49,35.76,35.43,35.72,754281.0
2021-12-23,35.92,36.24,35.91,35.91,675032.0
2021-12-27,36.03,36.28,35.85,36.28,526592.0
2021-12-28,36.24,36.53,36.22,36.29,686093.0
2021-12-29,36.37,36.47,36.22,36.27,585965.0
2021-12-30,36.37,36.55,36.16,36.18,466666.0
2021-12-31,36.16,36.3,36.06,36.13,483942.0
2022-01-03,36.41,36.71,36.4,36.58,1032639.0
2022-01-04,36.99,37.66,36.99,37.53,1674050.0
2022-01-05,37.71,37.83,37.09,37.1,1780503.0
2022-01-06,37.53,37.68,37.16,37.68,961431.0
2022-01-07,37.71,38.19,37.6,38.1,1127304.0
2022-01-10,38.33,38.36,37.58,37.98,1506958.0
2022-01-11,38.12,38.32,37.76,38.3,945939.0
2022-01-12,38.42,38.54,38.15,38.31,915235.0
2022-01-13,38.41,38.58,38.05,38.14,1112115.0
2022-01-14,37.54,37.81,37.33,37.77,1597437.0
2022-01-18,37.51,37.51,36.72,36.93,2096924.0
2022-01-19,37.21,37.24,36.29,36.31,2448703.0
2022-01-20,36.41,36.89,36.02,36.09,2005088.0
2022-01-21,35.9,36.04,35.21,35.37,3051769.0
2022-01-24,34.65,35.52,34.09,35.44,2703409.0
2022-01-25,35.07,35.86,34.48,35.61,1974553.0
2022-01-26,35.96,36.28,35.28,35.69,1683194.0
2022-01-27,36.03,36.4,35.15,35.36,1835511.0
2022-01-28,35.28,35.84,34.8,35.84,1384695.0
2022-01-31,35.6,36.17,35.37,36.15,1463594.0
2022-02-01,36.2,36.73,36.02,36.67,1583025.0
2022-02-02,36.61,36.96,36.4,36.9,922878.0
2022-02-03,36.87,37.01,36.44,36.49,1234828.0
2022-02-04,36.6,37.42,36.56,37.1,1560049.0
2022-02-07,37.17,37.46,36.95,37.23,905722.0
2022-02-08,37.47,37.83,37.4,37.73,1237459.0
2022-02-09,37.91,38.22,37.85,37.96,1461793.0
2022-02-10,37.84,38.3,37.5,37.65,1737622.0
2022-02-11,37.51,37.98,36.9,37.11,1845165.0
2022-02-14,37.12,37.21,36.41,36.69,1388007.0
2022-02-15,37.15,37.4,37.02,37.21,1371382.0
2022-02-16,36.99,37.38,36.98,37.22,846942.0
2022-02-17,36.84,36.95,36.2,36.31,1588392.0
2022-02-18,36.26,36.59,36.11,36.27,1184473.0
2022-02-22,36.11,36.46,35.82,36.12,1984503.0
2022-02-23,36.38,36.48,35.39,35.47,1590386.0
2022-02-24,34.26,35.17,34.06,35.06,2873269.0
2022-02-25,35.28,36.28,35.28,36.18,2320108.0
2022-02-28,35.32,35.87,35.29,35.65,2978565.0
2022-03-01,35.32,35.38,34.1,34.34,3135457.0
2022-03-02,34.65,35.42,34.62,35.21,2055633.0
2022-03-03,35.39,35.54,34.82,35.12,1407295.0
2022-03-04,34.45,34.49,34.06,34.47,3467781.0
2022-03-07,34.15,34.17,33.17,33.18,4093361.0
2022-03-08,33.34,33.93,32.84,33.0,3259620.0
2022-03-09,34.07,34.5,33.99,34.21,2422495.0
2022-03-10,33.64,34.14,33.55,33.93,1784930.0
2022-03-11,34.22,34.43,33.67,33.69,1899413.0
2022-03-14,34.15,34.66,33.96,34.11,1899085.0
2022-03-15,34.38,34.64,34.17,34.56,1540154.0
2022-03-16,35.04,35.61,34.92,35.57,2810583.0
2022-03-17,35.32,36.0,35.14,36.0,1594506.0
2022-03-18,35.95,36.18,35.66,36.11,2031183.0
2022-03-21,36.25,36.35,35.88,36.06,1205759.0
2022-03-22,36.45,36.87,36.44,36.65,1606137.0
2022-03-23,36.43,36.49,35.94,35.96,1098758.0
2022-03-24,36.19,36.28,35.97,36.24,795563.0
2022-03-25,36.38,36.78,36.32,36.71,1116216.0
2022-03-28,36.62,36.63,36.2,36.6,1077760.0
2022-03-29,37.1,37.16,36.49,36.68,1158634.0
2022-03-30,36.68,36.71,36.23,36.45,1008934.0
2022-03-31,36.4,36.53,35.6,35.61,1482727.0
2022-04-01,35.89,35.9,35.27,35.52,1390557.0
2022-04-04,35.42,35.63,35.1,35.35,2387737.0
2022-04-05,35.22,35.59,35.04,35.12,2385825.0
2022-04-06,34.85,35.03,34.75,34.88,1341031.0
2022-04-07,34.87,35.01,34.36,34.86,896565.0
2022-04-08,34.99,35.36,34.9,35.21,1115682.0
2022-04-11,35.11,35.45,34.99,35.04,1486710.0
2022-04-12,35.02,35.34,34.51,34.66,1728126.0
2022-04-13,34.33,34.68,34.27,34.64,1595631.0
2022-04-14,34.58,34.83,34.26,34.27,1649269.0
2022-04-18,34.08,34.63,34.08,34.49,1435055.0
2022-04-19,34.6,35.0,34.58,34.94,1472309.0
2022-04-20,35.2,35.44,35.11,35.18,1007353.0
2022-04-21,35.46,35.57,34.57,34.65,1257379.0
2022-04-22,34.57,34.58,33.57,33.6,2040260.0
2022-04-25,33.31,33.72,32.83,33.67,1950731.0
2022-04-26,33.31,33.63,32.81,32.81,1322909.0
2022-04-27,32.77,33.11,32.67,32.76,1789850.0
2022-04-28,33.11,33.32,32.63,33.22,1542097.0
2022-04-29,33.05,33.16,31.99,32.07,2142699.0
2022-05-02,32.21,32.31,31.46,32.1,1601486.0
2022-05-03,32.28,32.8,32.18,32.49,1657903.0
2022-05-04,32.53,33.53,32.44,33.47,1339607.0
2022-05-05,33.09,33.15,32.12,32.54,1817800.0
2022-05-06,32.38,32.42,31.81,32.28,2113917.0
2022-05-09,31.84,32.03,31.35,31.49,1667508.0
2022-05-10,31.82,31.98,30.83,31.24,2531898.0
2022-05-11,31.25,31.88,30.89,30.93,1724809.0
2022-05-12,30.69,30.98,30.12,30.73,1729217.0
2022-05-13,31.08,31.4,30.88,31.14,1731458.0
2022-05-16,31.07,31.15,30.64,30.91,1494266.0
2022-05-17,31.53,31.8,31.33,31.73,2190207.0
2022-05-18,31.46,31.46,30.73,30.87,2136163.0
2022-05-19,30.46,30.85,30.39,30.62,1556742.0
2022-05-20,30.9,31.01,29.94,30.59,2090532.0
2022-05-23,31.15,31.8,31.01,31.59,2829252.0
2022-05-24,31.41,31.61,30.87,31.53,2430676.0
2022-05-25,31.37,31.95,31.35,31.77,1769295.0
2022-05-26,32.12,32.61,32.12,32.48,2073141.0
2022-05-27,32.62,33.06,32.59,33.06,1482724.0
2022-05-31,32.79,33.21,32.61,32.97,2383891.0
2022-06-01,32.86,32.92,32.12,32.4,1541098.0
2022-06-02,32.45,32.89,32.2,32.88,1351302.0
2022-06-03,32.55,32.67,32.36,32.38,1155975.0
2022-06-06,32.68,32.99,32.49,32.51,896884.0
2022-06-07,32.27,32.76,32.25,32.73,855499.0
2022-06-08,32.5,32.58,32.05,32.16,1349617.0
2022-06-09,32.09,32.13,31.35,31.35,1439880.0
2022-06-10,30.68,30.79,30.2,30.21,2349511.0
2022-06-13,29.45,29.81,29.15,29.32,2852162.0
2022-06-14,29.4,29.64,28.85,29.06,2201248.0
2022-06-15,29.42,29.81,28.9,29.4,2880274.0
2022-06-16,28.78,28.8,28.41,28.67,2425953.0
2022-06-17,28.7,29.05,28.46,28.75,3626502.0
2022-06-21,29.41,29.49,29.14,29.32,1715317.0
2022-06-22,28.95,29.5,28.94,29.23,1303740.0
2022-06-23,29.27,29.31,28.65,29.13,2447098.0
2022-06-24,29.27,30.23,29.22,30.22,1916266.0
2022-06-27,30.39,30.39,29.97,30.1,1343336.0
2022-06-28,30.4,30.69,29.79,29.81,1251841.0
2022-06-29,29.89,29.94,29.54,29.61,1115430.0
2022-06-30,29.17,29.63,28.81,29.4,1692704.0
2022-07-01,29.26,29.87,29.08,29.8,1706510.0
2022-07-05,29.27,29.68,28.98,29.68,1235748.0
2022-07-06,29.56,29.84,29.33,29.59,1550101.0
2022-07-07,29.84,30.11,29.83,30.03,1055538.0
2022-07-08,30.12,30.2,29.84,29.95,756700.0
2022-07-11,29.72,29.94,29.63,29.72,1041093.0
2022-07-12,29.5,30.07,29.48,29.55,794087.0
2022-07-13,29.2,29.46,28.92,29.25,1870006.0
2022-07-14,28.64,28.79,28.36,28.7,1872295.0
2022-07-15,29.18,29.84,29.07,29.7,1750780.0
2022-07-18,30.06,30.3,29.44,29.56,1388504.0
2022-07-19,29.98,30.55,29.9,30.46,1384927.0
2022-07-20,30.35,30.62,30.3,30.56,1323894.0
2022-07-21,30.44,30.76,30.25,30.76,1192515.0
2022-07-22,30.8,30.96,30.36,30.58,647334.0
2022-07-25,30.79,30.92,30.58,30.77,861802.0
2022-07-26,30.6,30.81,30.28,30.34,1070211.0
2022-07-27,30.52,30.97,30.38,30.81,1287448.0
2022-07-28,30.86,31.05,30.35,31.04,1583729.0
2022-07-29,31.13,31.58,31.11,31.49,1244358.0
2022-08-01,31.2,31.39,31.02,31.21,1376863.0
2022-08-02,31.06,31.27,30.84,30.88,1356695.0
2022-08-03,31.13,31.42,30.94,31.33,622844.0
2022-08-04,31.33,31.4,31.19,31.23,785147.0
2022-08-05,31.11,31.61,31.05,31.48,861887.0
2022-08-08,31.68,31.8,31.41,31.43,779440.0
2022-08-09,31.47,31.68,31.45,31.61,761281.0
2022-08-10,32.13,32.43,32.11,32.33,1039628.0
2022-08-11,32.68,32.9,32.58,32.68,1663819.0
2022-08-12,32.87,33.22,32.69,33.21,1000047.0
2022-08-15,32.89,33.3,32.86,33.21,520907.0
2022-08-16,33.13,33.59,33.13,33.44,842584.0
2022-08-17,33.1,33.42,33.06,33.27,916347.0
2022-08-18,33.27,33.36,33.1,33.33,358712.0
2022-08-19,33.06,33.06,32.54,32.65,879489.0
2022-08-22,32.16,32.16,31.85,31.94,1053049.0
2022-08-23,31.91,32.12,31.81,31.81,744464.0
2022-08-24,31.76,32.07,31.69,31.98,512226.0
2022-08-25,32.09,32.48,31.96,32.47,986871.0
2022-08-26,32.56,32.57,31.47,31.47,965274.0
2022-08-29,31.25,31.48,31.09,31.25,806068.0
2022-08-30,31.42,31.47,30.92,31.11,964328.0
2022-08-31,31.25,31.37,30.84,30.85,1101985.0
2022-09-01,30.74,31.0,30.37,30.98,2023614.0
2022-09-02,31.3,31.57,30.57,30.71,1689693.0
2022-09-06,30.87,30.93,30.34,30.66,1289046.0
2022-09-07,30.55,31.31,30.52,31.26,868894.0
2022-09-08,31.07,31.82,30.98,31.8,1748532.0
2022-09-09,31.99,32.17,31.94,32.08,987235.0
2022-09-12,32.23,32.52,32.16,32.37,1002873.0
2022-09-13,31.72,31.83,31.05,31.14,1571303.0
2022-09-14,31.25,31.34,30.78,31.07,1049923.0
2022-09-15,31.07,31.55,31.02,31.17,1334195.0
2022-09-16,30.86,30.93,30.55,30.89,1288992.0
2022-09-19,30.54,31.24,30.54,31.22,857439.0
2022-09-20,30.98,31.03,30.48,30.77,903076.0
2022-09-21,30.97,31.07,30.11,30.11,1339827.0
2022-09-22,30.23,30.23,29.57,29.6,1525837.0
2022-09-23,29.29,29.4,28.73,29.18,1652061.0
2022-09-26,28.95,29.2,28.49,28.68,1332481.0
2022-09-27,28.93,29.06,28.28,28.57,1835692.0
2022-09-28,28.63,29.3,28.59,29.11,1290205.0
2022-09-29,28.82,28.92,28.42,28.77,972981.0
2022-09-30,28.78,29.14,28.43,28.49,1100569.0
2022-10-03,28.8,29.42,28.46,29.26,1023832.0
2022-10-04,29.78,30.38,29.76,30.38,1313240.0
2022-10-05,29.89,30.29,29.79,30.12,1228750.0
2022-10-06,29.91,30.16,29.64,29.72,1238251.0
2022-10-07,29.46,29.54,28.84,29.03,951747.0
2022-10-10,29.19,29.26,28.71,28.9,736594.0
2022-10-11,28.71,28.97,28.39,28.49,1807836.0
2022-10-12,28.49,28.8,28.34,28.41,1248037.0
2022-10-13,27.88,29.68,27.79,29.59,1602417.0
2022-10-14,29.87,30.21,29.05,29.13,1169268.0
2022-10-17,29.79,30.04,29.66,29.81,1173593.0
2022-10-18,30.59,30.66,29.99,30.34,1005556.0
2022-10-19,30.07,30.31,29.67,29.84,841516.0
2022-10-20,29.76,30.09,29.27,29.35,1291162.0
2022-10-21,29.37,30.25,29.23,30.22,1576740.0
2022-10-24,30.4,30.76,30.32,30.64,654934.0
2022-10-25,30.44,31.05,30.41,31.0,768373.0
2022-10-26,31.1,31.41,31.0,31.08,952120.0
2022-10-27,31.42,31.67,31.27,31.32,885878.0
2022-10-28,31.45,32.13,31.35,32.1,901696.0
2022-10-31,31.91,32.11,31.86,31.87,1067669.0
2022-11-01,32.17,32.25,31.85,32.0,1385266.0
2022-11-02,31.87,32.48,31.56,31.58,1595261.0
2022-11-03,31.22,31.5,31.07,31.25,1010740.0
2022-11-04,31.72,31.99,31.4,31.86,1104619.0
2022-11-07,32.08,32.17,31.86,32.16,976465.0
2022-11-08,32.2,32.5,32.01,32.35,1271584.0
2022-11-09,32.15,32.25,31.73,31.79,1392554.0
2022-11-10,32.77,33.45,32.69,33.4,2683208.0
2022-11-11,33.58,33.82,33.46,33.71,1001090.0
2022-11-14,33.54,33.61,33.17,33.17,864248.0
2022-11-15,33.62,33.67,32.94,33.26,1160564.0
2022-11-16,33.23,33.3,33.01,33.12,723126.0
2022-11-17,32.72,32.95,32.63,32.95,778185.0
2022-11-18,33.38,33.41,32.93,33.2,712880.0
2022-11-21,33.14,33.37,33.13,33.32,571188.0
2022-11-22,33.52,33.68,33.5,33.64,549613.0
2022-11-23,33.61,33.86,33.61,33.79,662359.0
2022-11-25,33.82,33.94,33.77,33.93,263877.0
2022-11-28,33.68,33.85,33.27,33.32,857036.0
2022-11-29,33.3,33.58,33.25,33.53,599570.0
2022-11-30,33.46,34.09,32.99,34.09,1310834.0
2022-12-01,34.18,34.24,33.63,33.88,1166019.0
2022-12-02,33.54,33.76,33.44,33.73,935711.0
2022-12-05,33.5,33.52,32.73,32.88,1438074.0
2022-12-06,32.89,33.04,32.35,32.62,966134.0
2022-12-07,32.45,32.83,32.4,32.47,975910.0
2022-12-08,32.61,32.72,32.4,32.52,844067.0
2022-12-09,32.43,32.64,32.41,32.43,606118.0
2022-12-12,32.41,32.89,32.29,32.84,787775.0
2022-12-13,33.63,33.66,32.71,32.94,1182221.0
2022-12-14,32.9,33.16,32.39,32.51,922420.0
2022-12-15,32.02,32.14,31.68,31.89,1451493.0
2022-12-16,31.54,31.72,31.36,31.63,1136198.0
2022-12-19,31.63,31.87,31.37,31.55,791056.0
2022-12-20,31.66,31.89,31.57,31.66,683602.0
2022-12-21,31.98,32.27,31.98,32.19,565509.0
2022-12-22,31.97,31.99,31.37,31.89,624010.0
2022-12-23,31.91,32.11,31.72,32.06,335806.0
2022-12-27,32.14,32.22,31.94,32.08,1008944.0
2022-12-28,32.11,32.2,31.92,31.95,568707.0
2022-12-29,32.13,32.45,32.05,32.41,562585.0
2022-12-30,32.2,32.37,32.05,32.32,484500.0
2023-01-03,32.54,32.77,32.19,32.44,932529.0
2023-01-04,32.75,33.17,32.66,32.95,1229572.0
2023-01-05,32.78,32.8,32.48,32.68,892123.0
2023-01-06,32.95,33.52,32.69,33.42,829334.0
2023-01-09,33.57,33.73,33.22,33.29,796459.0
2023-01-10,33.29,33.51,33.15,33.5,808677.0
2023-01-11,33.59,33.79,33.52,33.78,1187366.0
2023-01-12,33.94,34.07,33.65,33.87,1018827.0
2023-01-13,33.43,34.16,33.32,34.11,1452998.0
2023-01-17,34.05,34.05,33.79,33.88,1328120.0
2023-01-18,33.75,33.91,33.24,33.25,1141294.0
2023-01-19,32.85,33.04,32.66,32.86,1143353.0
2023-01-20,32.99,33.41,32.83,33.39,847811.0
2023-01-23,33.41,33.93,33.32,33.78,1070792.0
2023-01-24,33.62,33.94,33.36,33.81,1009386.0
2023-01-25,33.51,34.07,33.5,34.06,911650.0
2023-01-26,34.19,34.29,33.93,34.24,557640.0
2023-01-27,34.21,34.45,34.16,34.24,755903.0
2023-01-30,34.06,34.31,34.05,34.09,548895.0
2023-01-31,34.16,34.54,34.0,34.53,654870.0
2023-02-01,34.21,34.84,34.11,34.52,1153709.0
2023-02-02,34.73,34.76,34.36,34.62,1054783.0
2023-02-03,34.38,34.86,34.37,34.59,984266.0
2023-02-06,34.37,34.57,34.3,34.54,803163.0
2023-02-07,34.36,35.05,34.35,34.95,932556.0
2023-02-08,34.7,35.05,34.66,34.76,836670.0
2023-02-09,34.88,34.98,34.28,34.34,1167658.0
2023-02-10,34.26,34.5,34.08,34.47,761761.0
2023-02-13,34.45,34.85,34.43,34.85,507474.0
2023-02-14,34.78,35.03,34.47,34.67,969497.0
2023-02-15,34.39,34.73,34.38,34.72,663926.0
2023-02-16,34.42,34.63,34.31,34.35,990325.0
2023-02-17,34.19,34.42,34.1,34.37,735471.0
2023-02-21,34.11,34.11,33.52,33.68,1051809.0
2023-02-22,33.68,33.8,33.46,33.63,617540.0
2023-02-23,33.79,33.92,33.35,33.67,891249.0
2023-02-24,33.39,33.78,33.32,33.69,1014113.0
2023-02-27,33.96,34.06,33.62,33.69,502608.0
2023-02-28,33.76,33.91,33.66,33.76,646470.0
2023-03-01,33.54,33.77,33.5,33.61,485123.0
2023-03-02,33.41,33.51,33.08,33.46,642528.0
2023-03-03,33.61,34.0,33.55,33.99,783771.0
2023-03-06,34.03,34.24,33.94,34.03,680082.0
2023-03-07,33.91,33.91,33.08,33.16,1434659.0
2023-03-08,33.11,33.29,32.86,33.02,1575317.0
2023-03-09,32.85,32.89,31.53,31.68,2693385.0
2023-03-10,31.26,31.86,30.73,31.1,5402235.0
2023-03-13,30.01,30.52,29.64,29.86,5312357.0
2023-03-14,31.02,31.02,30.11,30.53,2966350.0
2023-03-15,29.61,29.79,29.25,29.66,2560703.0
2023-03-16,29.45,30.54,29.2,30.24,3075346.0
2023-03-17,29.92,29.93,29.19,29.24,4744939.0
2023-03-20,29.51,29.84,29.47,29.6,1691446.0
2023-03-21,30.28,30.42,30.21,30.35,2788316.0
2023-03-22,30.36,30.42,29.63,29.63,1257274.0
2023-03-23,29.73,30.0,29.25,29.44,1626228.0
2023-03-24,29.07,29.44,28.86,29.42,1328436.0
2023-03-27,29.92,29.98,29.66,29.84,1222085.0
2023-03-28,29.79,29.93,29.65,29.82,605346.0
2023-03-29,30.13,30.27,30.02,30.26,1167521.0
2023-03-30,30.48,30.49,30.02,30.18,786200.0
2023-03-31,30.38,30.53,30.26,30.52,825237.0
2023-04-03,30.54,30.7,30.41,30.59,959661.0
2023-04-04,30.68,30.7,30.1,30.29,1155384.0
2023-04-05,30.07,30.33,30.07,30.27,1128381.0
2023-04-06,30.23,30.42,30.17,30.37,579810.0
2023-04-10,30.25,30.45,30.21,30.43,454345.0
2023-04-11,30.53,30.84,30.5,30.7,685321.0
2023-04-12,30.89,31.01,30.56,30.65,740362.0
2023-04-13,30.62,30.93,30.46,30.9,1002184.0
2023-04-14,31.21,31.47,31.06,31.23,1504189.0
2023-04-17,31.18,31.59,31.07,31.59,936449.0
2023-04-18,31.64,31.73,31.41,31.68,894846.0
2023-04-19,31.62,31.83,31.57,31.75,562391.0
2023-04-20,31.56,31.74,31.55,31.66,616681.0
2023-04-21,31.55,31.57,31.36,31.53,757274.0
2023-04-24,31.57,31.63,31.4,31.47,505644.0
2023-04-25,31.28,31.32,30.91,30.92,1438871.0
2023-04-26,30.83,31.01,30.5,30.62,734020.0
2023-04-27,30.81,31.17,30.77,31.13,797163.0
2023-04-28,30.96,31.51,30.9,31.5,1135869.0
2023-05-01,31.6,31.74,31.38,31.41,488287.0
2023-05-02,31.26,31.26,30.41,30.69,1449605.0
2023-05-03,30.74,30.88,30.32,30.34,992132.0
2023-05-04,30.09,30.23,29.68,29.93,2137644.0
2023-05-05,30.41,30.74,30.4,30.68,1180733.0
2023-05-08,30.89,30.96,30.71,30.74,690219.0
2023-05-09,30.49,30.74,30.44,30.63,439232.0
2023-05-10,30.87,30.89,30.19,30.45,639911.0
2023-05-11,30.28,30.45,30.14,30.4,549565.0
2023-05-12,30.56,30.56,30.09,30.28,663791.0
2023-05-15,30.37,30.59,30.29,30.52,518424.0
2023-05-16,30.49,30.56,30.23,30.23,505747.0
2023-05-17,30.49,30.94,30.43,30.87,899605.0
2023-05-18,30.81,31.12,30.69,31.08,785875.0
2023-05-19,31.17,31.25,30.82,30.95,715804.0
2023-05-22,31.01,31.12,30.83,31.02,609317.0
2023-05-23,30.93,31.04,30.62,30.64,780407.0
2023-05-24,30.43,30.44,30.18,30.23,902775.0
2023-05-25,30.17,30.34,30.06,30.25,720581.0
2023-05-26,30.29,30.55,30.27,30.47,798859.0
2023-05-30,30.54,30.6,30.27,30.49,1476645.0
2023-05-31,30.3,30.31,29.91,30.14,1244175.0
2023-06-01,30.28,30.54,30.13,30.48,771048.0
2023-06-02,30.81,31.25,30.8,31.13,1720156.0
2023-06-05,31.18,31.18,30.84,30.97,803283.0
2023-06-06,30.96,31.42,30.94,31.38,1021147.0
2023-06-07,31.43,31.55,31.21,31.49,962781.0
2023-06-08,31.42,31.51,31.22,31.47,725473.0
2023-06-09,31.45,31.6,31.42,31.48,422690.0
2023-06-12,31.49,31.58,31.23,31.46,482042.0
2023-06-13,31.44,31.78,31.41,31.64,693151.0
2023-06-14,31.75,31.89,31.43,31.53,995826.0
2023-06-15,31.43,32.01,31.41,31.94,1008054.0
2023-06-16,32.04,32.1,31.85,31.87,723681.0
2023-06-20,31.7,31.72,31.46,31.65,717011.0
2023-06-21,31.58,31.75,31.48,31.6,534005.0
2023-06-22,31.51,31.51,31.25,31.35,459697.0
2023-06-23,31.09,31.32,31.01,31.21,454317.0
2023-06-26,31.27,31.41,31.09,31.17,544986.0
2023-06-27,31.23,31.46,31.2,31.39,403472.0
2023-06-28,31.36,31.36,31.2,31.34,637932.0
2023-06-29,31.47,31.87,31.45,31.86,1095128.0
2023-06-30,32.11,32.28,32.03,32.15,707052.0
2023-07-03,32.16,32.42,32.11,32.33,341002.0
2023-07-05,32.12,32.35,32.04,32.26,524048.0
2023-07-06,32.02,32.02,31.71,31.98,923859.0
2023-07-07,31.94,32.3,31.94,32.02,477804.0
2023-07-10,32.03,32.36,32.02,32.17,366738.0
2023-07-11,32.27,32.6,32.23,32.55,1001024.0
2023-07-12,32.84,32.99,32.68,32.76,1098658.0
2023-07-13,32.82,32.94,32.76,32.88,994258.0
2023-07-14,33.09,33.09,32.62,32.66,740887.0
2023-07-17,32.65,33.07,32.64,32.98,751595.0
2023-07-18,33.05,33.38,33.02,33.36,1252058.0
2023-07-19,33.36,33.62,33.34,33.5,1012395.0
2023-07-20,33.45,33.75,33.43,33.74,1073099.0
2023-07-21,33.78,33.78,33.55,33.61,744207.0
2023-07-24,33.64,34.06,33.64,33.95,642024.0
2023-07-25,33.89,33.93,33.7,33.71,682888.0
2023-07-26,33.68,34.03,33.65,33.93,683897.0
2023-07-27,33.96,34.01,33.46,33.49,996751.0
2023-07-28,33.75,33.78,33.39,33.55,788891.0
2023-07-31,33.62,33.79,33.56,33.71,657514.0
2023-08-01,33.62,33.72,33.52,33.68,455026.0
2023-08-02,33.41,33.52,33.22,33.39,1206985.0
2023-08-03,33.2,33.49,33.12,33.42,747319.0
2023-08-04,33.43,33.72,33.26,33.3,1009914.0
2023-08-07,33.5,33.82,33.5,33.75,753630.0
2023-08-08,33.33,33.47,33.06,33.46,793018.0
2023-08-09,33.43,33.53,33.18,33.18,777898.0
2023-08-10,33.36,33.63,33.15,33.23,814466.0
2023-08-11,33.13,33.35,33.06,33.29,601511.0
2023-08-14,33.22,33.3,33.09,33.23,379066.0
2023-08-15,32.94,32.98,32.59,32.64,1248027.0
2023-08-16,32.58,32.82,32.54,32.58,694445.0
2023-08-17,32.67,32.73,32.33,32.41,908870.0
2023-08-18,32.19,32.49,32.17,32.38,971746.0
2023-08-21,32.48,32.51,32.11,32.35,644835.0
2023-08-22,32.38,32.42,32.02,32.07,1450708.0
2023-08-23,32.12,32.38,32.11,32.37,577433.0
2023-08-24,32.35,32.72,32.28,32.28,775054.0
2023-08-25,32.43,32.52,32.16,32.38,909891.0
2023-08-28,32.54,32.71,32.5,32.6,1065026.0
2023-08-29,32.61,32.9,32.54,32.88,1475858.0
2023-08-30,32.94,33.1,32.85,32.91,734586.0
2023-08-31,32.98,33.01,32.75,32.81,758489.0
2023-09-01,32.97,33.18,32.95,33.05,934290.0
2023-09-05,33.05,33.17,32.75,32.75,1191191.0
2023-09-06,32.64,32.8,32.5,32.7,1036546.0
2023-09-07,32.61,32.78,32.55,32.64,726123.0
2023-09-08,32.67,32.77,32.55,32.72,1719104.0
2023-09-11,32.92,33.03,32.79,32.85,845082.0
2023-09-12,32.85,33.32,32.82,33.12,1272120.0
2023-09-13,33.22,33.27,32.95,33.07,837256.0
2023-09-14,33.31,33.43,33.15,33.39,1063162.0
2023-09-15,33.22,33.41,33.15,33.2,1121247.0
2023-09-18,33.15,33.35,33.07,33.31,1117391.0
2023-09-19,33.32,33.39,33.05,33.27,606264.0
2023-09-20,33.39,33.49,33.03,33.05,767589.0
2023-09-21,32.89,32.92,32.51,32.51,1214307.0
2023-09-22,32.53,32.57,32.26,32.27,1258148.0
2023-09-25,32.16,32.34,32.07,32.33,764038.0
2023-09-26,32.09,32.22,31.84,31.9,1542328.0
2023-09-27,31.96,31.96,31.57,31.84,1324800.0
2023-09-28,31.88,32.19,31.87,32.05,1543278.0
2023-09-29,32.25,32.25,31.7,31.78,2287512.0
2023-10-02,31.69,31.74,31.33,31.5,1608999.0
2023-10-03,31.37,31.44,30.89,30.99,1589200.0
2023-10-04,31.03,31.26,30.86,31.25,1405388.0
2023-10-05,31.16,31.44,31.1,31.38,1441527.0
2023-10-06,31.27,31.82,31.15,31.64,1530238.0
2023-10-09,31.39,31.73,31.34,31.66,1242626.0
2023-10-10,31.79,32.1,31.76,31.9,1575847.0
2023-10-11,32.01,32.12,31.71,31.94,1024533.0
2023-10-12,32.01,32.01,31.54,31.74,1079270.0
2023-10-13,31.99,32.24,31.65,31.8,1653757.0
2023-10-16,32.06,32.3,31.98,32.12,1438839.0
2023-10-17,32.01,32.5,32.01,32.31,1342067.0
2023-10-18,32.16,32.16,31.68,31.75,1429402.0
2023-10-19,31.72,31.85,31.31,31.36,1851222.0
2023-10-20,31.27,31.36,30.82,30.87,1600992.0
2023-10-23,30.76,30.99,30.63,30.65,1256508.0
2023-10-24,30.85,31.0,30.71,30.86,739813.0
2023-10-25,30.75,30.96,30.67,30.76,1141220.0
2023-10-26,30.66,30.98,30.66,30.7,1073168.0
2023-10-27,30.67,30.67,30.04,30.16,1738928.0
2023-10-30,30.39,30.74,30.26,30.65,1029553.0
2023-10-31,30.73,31.01,30.66,30.99,1195032.0
2023-11-01,31.08,31.32,30.99,31.19,1031638.0
2023-11-02,31.49,31.96,31.44,31.94,1085846.0
2023-11-03,32.27,32.51,32.24,32.37,1208784.0
2023-11-06,32.48,32.48,32.1,32.25,1170551.0
2023-11-07,32.2,32.27,32.12,32.21,593018.0
2023-11-08,32.22,32.28,32.06,32.24,1305162.0
2023-11-09,32.37,32.4,32.06,32.11,1214903.0
2023-11-10,32.3,32.51,32.09,32.49,906944.0
2023-11-13,32.43,32.52,32.33,32.43,546524.0
2023-11-14,32.81,33.23,32.79,33.07,2163567.0
2023-11-15,33.13,33.32,33.11,33.26,702997.0
2023-11-16,33.32,33.39,33.22,33.37,912704.0
2023-11-17,33.48,33.55,33.41,33.53,622517.0
2023-11-20,33.51,33.74,33.43,33.65,770487.0
2023-11-21,33.64,33.74,33.6,33.64,626757.0
2023-11-22,33.79,33.85,33.69,33.77,712268.0
2023-11-24,33.85,33.95,33.78,33.87,354690.0
2023-11-27,33.81,33.83,33.7,33.79,734269.0
2023-11-28,33.79,33.88,33.69,33.75,720234.0
2023-11-29,33.9,34.21,33.9,34.0,938254.0
2023-11-30,34.07,34.39,33.99,34.36,1147141.0
2023-12-01,34.3,34.68,34.28,34.61,1113386.0
2023-12-04,34.45,34.74,34.44,34.62,817009.0
2023-12-05,34.5,34.52,34.29,34.45,706330.0
2023-12-06,34.62,34.75,34.22,34.29,996945.0
2023-12-07,34.36,34.45,34.28,34.41,661579.0
2023-12-08,34.4,34.66,34.36,34.59,678493.0
2023-12-11,34.63,34.88,34.63,34.83,798899.0
2023-12-12,34.83,35.08,34.77,35.06,803998.0
2023-12-13,35.09,35.68,35.02,35.64,1431051.0
2023-12-14,35.92,36.12,35.81,35.98,1913727.0
2023-12-15,35.73,35.86,35.63,35.79,1591756.0
2023-12-18,35.97,36.02,35.86,35.89,837417.0
2023-12-19,35.84,36.17,35.79,36.17,643830.0
2023-12-20,36.05,36.15,35.53,35.53,1224889.0
2023-12-21,35.71,35.87,35.56,35.87,801556.0
2023-12-22,35.97,36.08,35.82,35.94,582172.0
2023-12-26,35.95,36.15,35.93,36.09,833477.0
2023-12-27,36.03,36.2,35.97,36.19,739631.0
2023-12-28,36.18,36.38,36.18,36.32,730287.0
2023-12-29,36.32,36.36,36.1,36.22,538695.0
2024-01-02,36.1,36.37,36.05,36.35,987297.0
2024-01-03,36.19,36.24,35.99,36.05,970856.0
2024-01-04,36.14,36.47,36.14,36.17,737531.0
2024-01-05,36.2,36.52,36.17,36.35,1253196.0
2024-01-08,36.37,36.58,36.17,36.58,901198.0
2024-01-09,36.36,36.38,36.24,36.32,1049876.0
2024-01-10,36.26,36.43,36.18,36.4,1074401.0
2024-01-11,36.38,36.39,35.99,36.24,1185616.0
2024-01-12,36.44,36.57,36.05,36.15,841628.0
2024-01-16,35.89,36.01,35.75,35.94,1147683.0
2024-01-17,35.64,36.01,35.62,35.84,1189204.0
2024-01-18,35.83,35.97,35.58,35.93,945219.0
2024-01-19,36.05,36.56,35.96,36.51,2454277.0
2024-01-22,36.66,36.87,36.61,36.68,1108693.0
2024-01-23,36.7,36.77,36.59,36.73,620164.0
2024-01-24,36.93,37.09,36.87,36.9,1244751.0
2024-01-25,37.09,37.11,36.84,37.09,978175.0
2024-01-26,37.01,37.27,37.0,37.2,685714.0
2024-01-29,37.13,37.33,37.0,37.31,863473.0
2024-01-30,37.35,37.81,37.35,37.77,1231919.0
2024-01-31,37.73,37.97,37.3,37.3,1541974.0
2024-02-01,37.28,37.39,36.83,37.35,1721659.0
2024-02-02,37.31,37.69,37.23,37.53,1656733.0
2024-02-05,37.33,37.42,37.14,37.31,874209.0
2024-02-06,37.27,37.43,37.21,37.4,878957.0
2024-02-07,37.56,37.7,37.33,37.67,1232841.0
2024-02-08,37.51,37.62,37.28,37.5,1516740.0
2024-02-09,37.43,37.64,37.38,37.61,1734243.0
2024-02-12,37.68,37.96,37.54,37.78,777606.0
2024-02-13,37.53,37.6,36.99,37.28,1900715.0
2024-02-14,37.53,37.66,37.36,37.66,1606556.0
2024-02-15,37.77,38.35,37.76,38.28,1737901.0
2024-02-16,38.21,38.32,38.08,38.16,1676631.0
2024-02-20,37.9,38.18,37.85,38.03,993986.0
2024-02-21,38.02,38.16,37.86,38.14,1000785.0
2024-02-22,38.39,38.74,38.34,38.64,1791388.0
2024-02-23,38.76,38.95,38.72,38.79,856567.0
2024-02-26,38.78,39.01,38.55,38.6,824296.0
2024-02-27,38.64,38.72,38.45,38.71,535207.0
2024-02-28,38.63,38.99,38.62,38.85,1193663.0
2024-02-29,39.01,39.03,38.68,38.83,1177580.0
2024-03-01,38.82,38.91,38.66,38.78,1459118.0
2024-03-04,38.73,38.98,38.71,38.86,1359358.0
2024-03-05,38.76,39.11,38.75,38.91,1396813.0
2024-03-06,39.0,39.21,38.79,39.08,1428087.0
2024-03-07,39.25,39.31,38.9,39.02,984770.0
2024-03-08,39.08,39.3,39.05,39.1,1215458.0
2024-03-11,39.0,39.2,38.9,39.18,958440.0
2024-03-12,39.28,39.45,39.14,39.35,1407959.0
2024-03-13,39.4,39.63,39.4,39.58,865886.0
2024-03-14,39.63,39.71,39.09,39.32,2695088.0
2024-03-15,39.08,39.45,39.08,39.29,1959066.0
2024-03-18,39.41,39.54,39.21,39.48,1161617.0
2024-03-19,39.52,39.71,39.5,39.68,1348159.0
2024-03-20,39.63,40.18,39.57,40.14,1918071.0
2024-03-21,40.27,40.58,40.22,40.5,2116577.0
2024-03-22,40.56,40.6,40.01,40.03,1013259.0
2024-03-25,40.0,40.05,39.87,39.91,951524.0
2024-03-26,40.01,40.13,39.89,39.99,1074407.0
2024-03-27,40.2,40.48,40.1,40.48,1159876.0
2024-03-28,40.57,40.79,40.46,40.69,1261975.0
2024-04-01,40.72,40.77,40.41,40.44,1333685.0
2024-04-02,40.35,40.4,40.2,40.28,869269.0
2024-04-03,40.33,40.54,40.15,40.26,1628565.0
2024-04-04,40.6,40.66,39.75,39.8,1947862.0
2024-04-05,39.9,40.27,39.81,40.15,1450808.0
2024-04-08,40.26,40.41,40.16,40.33,897193.0
2024-04-09,40.39,40.46,39.79,40.11,1821347.0
2024-04-10,39.69,39.88,39.4,39.5,2394678.0
2024-04-11,39.48,39.55,38.99,39.27,2482416.0
2024-04-12,38.95,39.13,38.56,38.73,3639507.0
2024-04-15,39.21,39.36,38.41,38.53,2795950.0
2024-04-16,38.55,38.63,38.2,38.27,1904227.0
2024-04-17,38.48,38.59,38.21,38.36,1597676.0
2024-04-18,38.53,38.82,38.41,38.51,1597850.0
2024-04-19,38.7,39.08,38.65,39.03,1861621.0
2024-04-22,39.23,39.71,39.07,39.5,1543180.0
2024-04-23,39.66,39.83,39.58,39.77,974361.0
2024-04-24,39.63,39.78,39.54,39.73,1214958.0
2024-04-25,39.58,39.62,39.16,39.51,1583927.0
2024-04-26,39.42,39.66,39.35,39.43,918600.0
2024-04-29,39.45,39.6,39.25,39.38,870841.0
2024-04-30,39.3,39.38,39.0,39.0,932760.0
2024-05-01,38.97,39.46,38.93,38.98,1920619.0
2024-05-02,39.32,39.32,38.82,39.1,1465086.0
2024-05-03,39.3,39.4,38.99,39.21,1962767.0
2024-05-06,39.47,39.68,39.4,39.68,1395281.0
2024-05-07,39.84,39.9,39.72,39.8,1382144.0
2024-05-08,39.8,40.03,39.67,39.96,1101635.0
2024-05-09,39.88,40.27,39.87,40.26,1156595.0
2024-05-10,40.42,40.49,40.37,40.44,1421016.0
2024-05-13,40.57,40.6,40.26,40.28,1032288.0
2024-05-14,40.36,40.49,40.26,40.45,797384.0
2024-05-15,40.57,40.8,40.57,40.75,1317997.0
2024-05-16,40.85,40.95,40.74,40.76,1179015.0
2024-05-17,40.85,41.01,40.78,41.01,785512.0
2024-05-20,40.96,41.02,40.48,40.51,920650.0
2024-05-21,40.57,40.79,40.56,40.75,901427.0
2024-05-22,40.66,40.84,40.44,40.54,1830042.0
2024-05-23,40.5,40.5,39.82,39.94,2343351.0
2024-05-24,40.06,40.21,40.06,40.2,1109108.0
2024-05-28,40.1,40.1,39.64,39.76,1394800.0
2024-05-29,39.45,39.57,39.32,39.44,1589061.0
2024-05-30,39.49,39.74,39.39,39.68,957203.0
2024-05-31,39.75,40.26,39.63,40.26,1989988.0
2024-06-03,40.26,40.26,39.63,40.0,1326490.0
2024-06-04,39.79,40.1,39.62,39.82,1105641.0
2024-06-05,39.91,39.95,39.63,39.91,1038753.0
2024-06-06,39.96,40.1,39.75,39.91,1215953.0
2024-06-07,39.9,40.3,39.85,40.07,1404955.0
2024-06-10,39.91,39.97,39.67,39.91,869312.0
2024-06-11,39.71,39.71,39.28,39.44,2471951.0
2024-06-12,39.92,39.92,39.39,39.46,1498990.0
2024-06-13,39.41,39.43,39.13,39.4,1183998.0
2024-06-14,39.14,39.34,39.02,39.29,813305.0
2024-06-17,39.17,39.64,39.13,39.61,1873270.0
2024-06-18,39.6,39.88,39.55,39.85,929213.0
2024-06-20,39.81,40.19,39.75,40.08,1491202.0
2024-06-21,40.0,40.01,39.71,39.95,1244176.0
2024-06-24,40.09,40.59,40.01,40.34,1841753.0
2024-06-25,40.29,40.39,39.93,40.01,1145565.0
2024-06-26,39.84,39.87,39.6,39.82,1061001.0
2024-06-27,39.66,39.79,39.51,39.72,646758.0
2024-06-28,39.83,40.13,39.72,39.87,1700176.0
2024-07-01,40.02,40.3,39.81,39.97,1218233.0
2024-07-02,39.91,40.42,39.89,40.42,1231270.0
2024-07-03,40.48,40.5,40.29,40.33,647974.0
2024-07-05,40.34,40.34,40.08,40.28,928380.0
2024-07-08,40.38,40.6,40.15,40.21,901786.0
2024-07-09,40.25,40.76,40.19,40.48,1393044.0
2024-07-10,40.32,40.66,40.29,40.65,760478.0
2024-07-11,40.7,41.04,40.57,41.0,1869633.0
2024-07-12,40.96,41.28,40.84,41.08,1367808.0
2024-07-15,41.24,41.75,41.24,41.68,1850473.0
2024-07-16,41.75,42.21,41.68,42.19,1423073.0
2024-07-17,42.18,42.58,42.17,42.55,1426225.0
2024-07-18,42.39,42.79,41.9,41.98,1739461.0
2024-07-19,42.0,42.0,41.53,41.6,1653901.0
2024-07-22,41.69,41.87,41.49,41.85,584636.0
2024-07-23,41.93,42.08,41.83,41.87,668926.0
2024-07-24,41.74,41.83,41.33,41.39,1441756.0
2024-07-25,41.41,42.07,41.39,41.5,1683684.0
2024-07-26,41.68,42.23,41.68,42.13,922077.0
2024-07-29,42.19,42.23,41.84,42.04,818872.0
2024-07-30,42.33,42.68,42.31,42.52,1255282.0
2024-07-31,42.69,42.79,42.4,42.44,1147695.0
2024-08-01,42.6,42.64,41.66,41.86,2456412.0
2024-08-02,41.35,41.5,40.56,40.84,3671895.0
2024-08-05,39.87,39.99,39.45,39.67,5316627.0
2024-08-06,39.77,40.73,39.69,40.24,2485643.0
2024-08-07,40.75,41.08,40.25,40.3,2049757.0
2024-08-08,40.51,41.0,40.51,40.95,1985672.0
2024-08-09,40.92,41.23,40.78,41.11,1033675.0
2024-08-12,41.25,41.31,40.84,40.92,1185760.0
2024-08-13,41.11,41.29,40.86,41.26,1236376.0
2024-08-14,41.38,41.84,41.34,41.78,1702042.0
2024-08-15,42.21,42.38,42.02,42.17,1914303.0
2024-08-16,42.13,42.45,42.13,42.44,1834684.0
2024-08-19,42.51,42.7,42.5,42.69,1270935.0
2024-08-20,42.66,42.68,42.48,42.55,929661.0
2024-08-21,42.64,42.67,42.28,42.49,974627.0
2024-08-22,42.53,42.72,42.5,42.72,1586074.0
2024-08-23,42.89,43.2,42.77,43.08,1565025.0
2024-08-26,43.26,43.47,43.15,43.24,1062121.0
2024-08-27,43.29,43.47,43.26,43.44,933699.0
2024-08-28,43.38,43.81,43.31,43.58,2070041.0
2024-08-29,43.76,44.09,43.41,43.95,2734894.0
2024-08-30,44.04,44.41,43.88,44.34,1929770.0
2024-09-03,44.16,44.5,43.84,44.05,3504966.0
2024-09-04,44.13,44.4,43.87,44.07,1822832.0
2024-09-05,44.28,44.29,43.41,43.63,2701261.0
2024-09-06,43.6,43.85,42.88,42.98,3211156.0
2024-09-09,43.39,43.85,43.32,43.58,3086293.0
2024-09-10,43.69,43.69,42.67,43.15,4033036.0
2024-09-11,42.96,43.02,42.08,42.96,3415853.0
2024-09-12,43.02,43.19,42.69,43.04,2608716.0
2024-09-13,43.18,43.34,43.09,43.19,2739921.0
2024-09-16,43.44,43.75,43.43,43.73,2590490.0
2024-09-17,43.83,44.11,43.79,43.97,1651245.0
2024-09-18,43.99,44.31,43.75,43.83,3039116.0
2024-09-19,44.35,44.44,43.99,44.33,2720474.0
2024-09-20,44.2,44.25,43.99,44.21,2518655.0
2024-09-23,44.28,44.46,44.17,44.25,1767545.0
2024-09-24,44.08,44.08,43.71,43.86,1873552.0
2024-09-25,43.91,43.95,43.48,43.6,1987872.0
2024-09-26,43.74,43.92,43.59,43.82,1949790.0
2024-09-27,43.94,44.23,43.87,43.96,2304186.0
2024-09-30,43.87,44.14,43.66,44.1,1278654.0
2024-10-01,44.01,44.11,43.59,43.87,2428449.0
2024-10-02,43.88,44.04,43.65,43.92,1705626.0
2024-10-03,43.77,43.85,43.49,43.71,1380850.0
2024-10-04,44.12,44.49,43.96,44.46,2930059.0
2024-10-07,44.43,44.47,43.73,43.9,1488769.0
2024-10-08,44.09,44.26,44.0,44.16,2213262.0
2024-10-09,44.14,44.65,44.08,44.55,1779635.0
2024-10-10,44.61,44.62,44.25,44.41,2649144.0
2024-10-11,44.7,45.37,44.69,45.27,3650844.0
2024-10-14,45.43,45.62,45.24,45.56,2569537.0
2024-10-15,45.98,46.14,45.61,45.66,2661251.0
2024-10-16,45.8,46.25,45.77,46.21,2639343.0
2024-10-17,46.44,46.55,46.33,46.37,1836150.0
2024-10-18,46.39,46.46,46.12,46.37,1460149.0
2024-10-21,46.31,46.39,45.91,45.99,1903011.0
2024-10-22,45.77,45.99,45.55,45.92,1866042.0
2024-10-23,45.83,45.97,45.65,45.86,1736786.0
2024-10-24,45.85,45.96,45.63,45.89,1145748.0
2024-10-25,46.1,46.17,45.29,45.42,1655456.0
2024-10-28,45.64,46.0,45.62,45.95,2002921.0
2024-10-29,45.86,45.95,45.64,45.65,1412928.0
2024-10-30,45.72,46.17,45.71,45.86,1839896.0
2024-10-31,45.79,45.96,45.28,45.28,3244932.0
2024-11-01,45.34,45.76,45.33,45.35,2094812.0
2024-11-04,45.37,45.41,44.81,45.05,2565006.0
2024-11-05,45.05,45.5,45.01,45.5,1695442.0
2024-11-06,47.8,48.37,47.42,48.27,9426425.0
2024-11-07,48.12,48.13,47.39,47.5,3434773.0
2024-11-08,47.79,48.16,47.58,47.89,2242210.0
2024-11-11,48.38,48.81,48.38,48.57,3656752.0
2024-11-12,48.57,48.62,48.28,48.42,3163573.0
2024-11-13,48.48,48.8,48.38,48.45,1651786.0
2024-11-14,48.58,48.67,48.24,48.32,2417407.0
2024-11-15,48.3,48.68,48.3,48.57,2488433.0
2024-11-18,48.61,48.79,48.39,48.7,1138917.0
2024-11-19,48.27,48.56,48.12,48.38,1190428.0
2024-11-20,48.58,48.58,48.0,48.24,1633583.0
2024-11-21,48.49,49.06,48.36,48.85,2453107.0
2024-11-22,48.81,49.44,48.81,49.39,2141802.0
2024-11-25,49.66,49.89,49.52,49.69,2268691.0
2024-11-26,49.7,49.9,49.43,49.79,1692714.0
2024-11-27,49.87,50.25,49.86,49.93,1761625.0
2024-11-29,50.13,50.21,49.9,49.99,938366.0
2024-12-02,50.07,50.1,49.36,49.51,2526404.0
2024-12-03,49.77,49.77,49.12,49.13,1956581.0
2024-12-04,49.11,49.11,48.76,48.95,1437264.0
2024-12-05,48.98,49.32,48.97,49.07,1357557.0
2024-12-06,49.09,49.24,48.94,49.07,1129164.0
2024-12-09,49.11,49.14,48.38,48.42,2447676.0
2024-12-10,48.41,48.66,48.09,48.38,2017195.0
2024-12-11,48.55,48.6,48.28,48.48,1395347.0
2024-12-12,48.6,48.64,48.28,48.29,1495469.0
2024-12-13,48.46,48.48,48.13,48.17,2012065.0
2024-12-16,48.26,48.32,48.07,48.16,2158397.0
2024-12-17,47.95,47.95,47.65,47.82,3400762.0
2024-12-18,47.88,48.0,46.34,46.36,5186785.0
2024-12-19,46.86,47.24,46.54,46.56,3981798.0
2024-12-20,46.39,47.59,46.36,47.21,2768023.0
2024-12-23,46.97,47.12,46.84,46.93,228059.0
2024-12-24,47.43,47.92,47.36,47.89,936495.0
2024-12-26,47.73,48.03,47.67,48.0,760387.0
2024-12-27,47.74,48.07,47.42,47.66,2465509.0
2024-12-30,47.15,47.41,46.8,47.19,1527979.0
2024-12-31,47.32,47.49,47.1,47.26,1350138.0
2025-01-02,47.5,47.68,46.88,47.14,1654144.0
2025-01-03,47.39,47.54,47.02,47.51,1461704.0
2025-01-06,47.69,47.93,47.28,47.35,2918008.0
2025-01-07,47.57,47.67,47.05,47.27,1919379.0
2025-01-08,47.24,47.42,46.96,47.39,1745488.0
2025-01-10,47.01,47.05,46.1,46.26,3101372.0
2025-01-13,46.03,46.62,46.01,46.58,1843327.0
2025-01-14,46.8,47.21,46.69,47.19,2578428.0
2025-01-15,48.22,48.51,47.93,48.4,3267565.0
2025-01-16,48.38,48.74,48.36,48.68,1923208.0
2025-01-17,48.83,49.2,48.65,49.11,1801044.0
2025-01-21,49.33,49.58,49.27,49.51,1682797.0
2025-01-22,49.5,49.54,49.1,49.29,1840510.0
2025-01-23,49.37,49.66,49.36,49.58,1198799.0
2025-01-24,49.39,49.77,49.39,49.69,1851659.0
2025-01-27,49.58,50.3,49.5,50.28,3563463.0
2025-01-28,50.18,50.41,49.98,50.16,2077202.0
2025-01-29,50.04,50.58,50.04,50.15,1844944.0
2025-01-30,50.57,50.88,50.3,50.63,2944420.0
2025-01-31,50.67,50.81,50.29,50.32,2431213.0
2025-02-03,49.56,50.25,49.32,50.12,4293764.0
2025-02-04,50.16,50.24,49.88,49.98,2533921.0
2025-02-05,50.23,50.53,50.0,50.52,1777799.0
2025-02-06,50.83,50.97,50.62,50.93,2234806.0
2025-02-07,51.04,51.09,50.64,50.65,1842336.0
2025-02-10,50.75,50.81,50.06,50.27,2294008.0
2025-02-11,50.17,50.49,49.89,50.41,3011385.0
2025-02-12,50.08,50.23,49.79,50.19,2306145.0
2025-02-13,50.36,50.62,50.14,50.55,2035497.0
2025-02-14,50.64,50.87,50.61,50.63,1535940.0
2025-02-18,50.72,51.03,50.6,51.03,1968307.0
2025-02-19,50.87,51.09,50.75,51.02,1509084.0
2025-02-20,50.99,50.99,49.9,50.24,3523015.0
2025-02-21,50.31,50.36,49.52,49.64,4167099.0
2025-02-24,49.86,50.26,49.56,49.88,3612103.0
2025-02-25,50.14,50.26,49.19,49.81,2790206.0
2025-02-26,49.82,50.18,49.63,49.71,1879000.0
2025-02-27,49.92,50.65,49.86,50.0,2524376.0
2025-02-28,50.21,51.09,50.04,51.02,4134427.0
2025-03-03,51.17,51.46,50.22,50.61,5113067.0
2025-03-04,50.08,50.12,48.54,48.81,8524846.0
2025-03-05,48.84,49.33,48.46,49.11,3506169.0
2025-03-06,48.53,48.84,47.97,48.3,3092476.0
2025-03-07,48.09,48.23,47.18,48.02,6317214.0
2025-03-10,47.17,47.52,46.41,46.95,6510890.0
2025-03-11,46.87,47.0,46.23,46.53,5101448.0
2025-03-12,47.07,47.11,46.18,46.63,4368615.0
2025-03-13,46.69,47.01,46.24,46.39,3853982.0
2025-03-14,46.8,47.52,46.57,47.44,3077010.0
2025-03-17,47.29,48.23,47.24,48.01,2485694.0
2025-03-18,48.08,48.2,47.77,47.95,2330729.0
2025-03-19,47.99,48.72,47.78,48.46,2946019.0
2025-03-20,48.11,48.86,48.11,48.54,2198088.0
2025-03-21,48.27,48.54,47.95,48.34,2295232.0
2025-03-24,48.86,49.33,48.74,49.2,2469006.0
2025-03-25,49.43,49.57,49.16,49.47,1250039.0
2025-03-26,49.64,49.96,49.16,49.33,2079400.0
2025-03-27,49.23,49.5,48.86,49.21,1638993.0
2025-03-28,49.18,49.35,48.11,48.27,2713970.0
2025-03-31,47.83,49.12,47.67,48.9,2445845.0
2025-04-01,48.67,49.04,48.29,48.81,1879208.0
2025-04-02,48.41,49.37,48.38,49.23,1914666.0
2025-04-03,47.29,47.74,46.72,46.76,4580514.0
2025-04-04,45.17,45.54,43.27,43.35,6976410.0
2025-04-07,42.05,44.79,41.42,43.27,7295500.0
2025-04-08,44.94,45.36,42.45,43.13,4493391.0
2025-04-09,42.5,46.72,42.27,46.37,9283350.0
2025-04-10,45.68,45.73,43.71,45.04,5476324.0
2025-04-11,44.77,46.09,44.53,45.79,3027103.0
2025-04-14,46.44,46.72,46.0,46.29,2172601.0
2025-04-15,46.56,47.0,46.35,46.39,1859135.0
2025-04-16,46.27,46.45,45.32,45.66,2839284.0
2025-04-17,45.68,46.32,45.56,45.79,1846366.0
2025-04-21,45.54,45.66,44.3,44.79,2381542.0
2025-04-22,45.49,46.39,45.35,46.27,2065836.0
2025-04-23,47.14,47.81,46.67,46.81,2261254.0
2025-04-24,46.58,47.43,46.48,47.34,1395967.0
2025-04-25,47.13,47.33,46.82,47.14,1498098.0
2025-04-28,47.32,47.66,46.94,47.29,1918664.0
2025-04-29,47.28,47.85,47.07,47.75,2494791.0
2025-04-30,47.22,48.01,46.62,47.83,2007436.0
2025-05-01,47.69,48.14,47.54,47.83,1945855.0
2025-05-02,48.53,49.0,48.42,48.85,1902756.0
2025-05-05,48.38,48.89,48.19,48.52,1271508.0
2025-05-06,48.09,48.62,48.06,48.23,1450317.0
2025-05-07,48.38,48.79,48.35,48.54,1592006.0
2025-05-08,48.91,49.42,48.81,48.91,1784758.0
2025-05-09,49.02,49.1,48.79,48.92,1507597.0
2025-05-12,50.21,50.24,49.61,49.94,2104670.0
2025-05-13,50.05,50.35,49.96,50.12,1884498.0
2025-05-14,50.12,50.2,49.84,49.96,2202780.0
2025-05-15,49.9,50.4,49.9,50.33,2130794.0
2025-05-16,50.31,50.7,50.22,50.66,3249406.0
2025-05-19,50.36,50.8,50.3,50.65,1365681.0
2025-05-20,50.39,50.56,50.16,50.38,1278532.0
2025-05-21,50.07,50.21,49.31,49.33,1990793.0
2025-05-22,49.24,49.57,49.05,49.28,1803165.0
2025-05-23,48.67,49.35,48.67,49.11,1605338.0
2025-05-27,49.52,50.0,49.32,49.97,1904643.0
2025-05-28,49.97,50.06,49.57,49.64,1744715.0
2025-05-29,49.78,49.91,49.42,49.88,1092117.0
2025-05-30,49.75,50.09,49.52,49.95,1644222.0
2025-06-02,49.68,50.05,49.35,50.04,1388383.0
2025-06-03,49.87,50.17,49.47,50.12,1768670.0
2025-06-04,50.2,50.25,49.83,49.83,1185706.0
2025-06-05,49.92,49.93,49.51,49.71,1743009.0
2025-06-06,50.22,50.47,50.09,50.33,1866595.0
2025-06-09,50.39,50.39,49.75,50.04,1611319.0
2025-06-10,50.02,50.13,49.93,50.11,1337686.0
2025-06-11,50.14,50.37,49.87,50.04,1627865.0
2025-06-12,49.76,50.06,49.58,50.05,1334656.0
2025-06-13,49.4,49.51,48.88,49.03,3821331.0
2025-06-16,49.43,49.92,49.37,49.6,2024142.0
2025-06-17,49.31,49.53,49.16,49.29,1940972.0
2025-06-18,49.28,49.82,49.21,49.29,3250556.0
2025-06-20,49.43,49.63,49.28,49.43,1808222.0
2025-06-23,49.44,50.06,49.09,50.02,2612630.0
2025-06-24,50.53,50.97,50.49,50.78,3193127.0
2025-06-25,50.8,50.81,50.52,50.6,1585200.0
2025-06-26,50.65,51.04,50.62,50.99,1745137.0
2025-06-27,50.99,51.43,50.91,51.13,1935974.0
2025-06-30,51.41,51.63,51.34,51.55,2012496.0
2025-07-01,51.44,51.96,51.44,51.85,2378283.0
2025-07-02,51.94,51.95,51.54,51.81,2649908.0
2025-07-03,51.94,52.45,51.89,52.37,1654329.0
2025-07-07,52.31,52.44,51.62,51.9,1914723.0
2025-07-08,51.75,51.79,51.38,51.43,2384491.0
2025-07-09,51.66,51.69,51.34,51.57,1726158.0
2025-07-10,51.52,51.95,51.52,51.91,1558060.0
2025-07-11,51.56,51.6,51.29,51.38,1650285.0
2025-07-14,51.34,51.77,51.23,51.75,1656999.0
2025-07-15,51.5,51.64,50.87,50.88,2968614.0
2025-07-16,51.12,51.26,50.55,51.23,2780868.0
2025-07-17,51.05,51.79,51.05,51.72,2822649.0
2025-07-18,51.77,51.84,51.64,51.74,1589433.0
2025-07-21,51.78,52.13,51.57,51.62,1747643.0
2025-07-22,51.7,51.94,51.67,51.86,1577823.0
2025-07-23,51.97,52.28,51.77,52.27,1352018.0
2025-07-24,52.28,52.61,52.2,52.25,1913648.0
2025-07-25,52.33,52.67,52.19,52.61,1671734.0
2025-07-28,52.55,52.62,52.15,52.26,1943253.0
2025-07-29,52.42,52.48,51.87,51.97,1645906.0
2025-07-30,51.97,52.21,51.64,51.88,2063662.0
2025-07-31,51.69,52.18,51.47,51.56,2157507.0
2025-08-01,50.95,50.96,50.27,50.63,3426665.0
2025-08-04,50.82,51.11,50.7,51.1,2296248.0
2025-08-05,51.18,51.29,50.58,50.9,1614698.0
2025-08-06,51.05,51.22,50.88,51.15,1152534.0
2025-08-07,51.41,51.45,50.45,50.58,2235854.0
2025-08-08,50.87,51.17,50.71,51.05,2666805.0
2025-08-11,51.15,51.23,50.93,51.04,1599912.0
2025-08-12,51.29,51.74,51.25,51.65,1555519.0
2025-08-13,51.85,52.1,51.7,51.94,2569539.0
2025-08-14,51.88,52.24,51.73,52.21,2047010.0
2025-08-15,52.29,52.34,51.62,51.66,3650858.0
2025-08-18,51.59,51.76,51.5,51.7,1614832.0
2025-08-19,51.68,52.05,51.67,51.8,1488286.0
2025-08-20,51.84,52.19,51.7,52.05,2749727.0
2025-08-21,51.89,51.99,51.55,51.88,1784900.0
2025-08-22,52.18,52.86,52.18,52.76,3158984.0
2025-08-25,52.65,52.75,52.42,52.44,1733665.0
2025-08-26,52.32,52.86,52.31,52.85,1810976.0
2025-08-27,52.71,53.11,52.71,52.94,2697068.0
2025-08-28,53.05,53.08,52.87,53.04,1419546.0
2025-08-29,53.09,53.31,52.98,53.16,1758359.0
2025-09-02,52.85,52.85,52.31,52.77,2098799.0
2025-09-03,52.68,52.78,52.32,52.69,2559283.0
2025-09-04,52.87,53.24,52.76,53.22,2074106.0
2025-09-05,53.26,53.41,52.07,52.27,3056808.0
2025-09-08,52.3,52.35,52.03,52.29,2536666.0
2025-09-09,52.17,52.77,52.15,52.51,3082147.0
2025-09-10,52.35,52.57,52.13,52.35,1894227.0
2025-09-11,52.41,53.24,52.38,53.21,2663969.0
2025-09-12,53.11,53.24,52.89,52.97,2113797.0
2025-09-15,53.07,53.25,52.8,52.86,1838818.0
2025-09-16,52.81,52.85,52.45,52.76,1871607.0
2025-09-17,52.85,53.49,52.83,53.26,2961440.0
2025-09-18,53.28,53.66,53.16,53.29,1877288.0
2025-09-19,53.42,53.57,53.1,53.39,3243706.0
2025-09-22,53.04,53.41,52.99,53.34,1427935.0
2025-09-23,53.34,53.82,52.98,53.1,1286415.0
2025-09-24,53.17,53.31,52.86,52.96,1078778.0
2025-09-25,52.79,53.06,52.6,52.83,1120137.0
2025-09-26,53.05,53.44,53.0,53.2,1162897.0
2025-09-29,53.38,53.49,53.09,53.46,922440.0
2025-09-30,53.39,53.58,52.78,53.21,1663795.0
2025-10-01,52.95,53.1,52.73,52.74,1884249.0
2025-10-02,52.68,52.83,52.43,52.7,1428783.0
2025-10-03,52.76,53.31,52.76,53.08,1390626.0
2025-10-06,53.28,53.4,52.65,53.05,1842635.0
2025-10-07,53.24,53.39,52.89,53.11,1419489.0
2025-10-08,53.29,53.29,52.7,52.86,1432122.0
2025-10-09,52.98,53.15,52.55,52.68,1475171.0
2025-10-10,52.82,53.02,51.54,51.55,2888556.0
2025-10-13,51.93,52.18,51.72,52.03,2248706.0
2025-10-14,51.81,53.0,51.62,52.61,2512677.0
2025-10-15,52.82,53.11,52.22,52.59,1854896.0
2025-10-16,52.43,52.47,50.92,51.13,3147688.0
2025-10-17,51.3,51.72,51.12,51.56,2443900.0
2025-10-20,51.72,52.26,51.66,52.15,2074727.0
2025-10-21,52.03,52.48,52.03,52.07,1416092.0
2025-10-22,52.14,52.18,51.49,51.79,2350060.0
2025-10-23,51.95,52.04,51.66,51.92,1357950.0
2025-10-24,52.2,52.63,52.2,52.49,1943749.0
2025-10-27,52.71,52.78,52.56,52.67,1133932.0
2025-10-28,52.69,52.75,52.31,52.34,1770778.0
2025-10-29,51.82,51.94,51.25,51.46,3573921.0
2025-10-30,51.42,52.18,51.39,51.61,2727843.0
2025-10-31,51.41,51.86,51.32,51.73,2949088.0
2025-11-03,51.65,51.65,51.03,51.51,2247806.0
2025-11-04,51.34,51.9,51.22,51.79,3088392.0
2025-11-05,51.83,52.18,51.56,51.95,2121865.0
2025-11-06,51.89,52.07,51.55,51.78,3301370.0
2025-11-07,51.62,52.16,51.47,52.14,2310954.0
2025-11-10,52.26,52.49,52.02,52.31,2960185.0
2025-11-11,52.39,52.69,52.25,52.54,1979766.0
2025-11-12,52.6,53.24,52.6,53.02,3149831.0
2025-11-13,52.94,53.11,52.25,52.32,3381464.0
2025-11-14,52.13,52.17,51.65,51.83,3013127.0
2025-11-17,51.85,51.85,50.64,50.83,4716318.0
2025-11-18,50.65,51.12,50.53,50.74,4262548.0
2025-11-19,50.74,51.02,50.58,50.95,2790809.0
2025-11-20,51.39,51.75,50.46,50.51,4485707.0
2025-11-21,50.84,51.33,50.52,51.06,4357565.0
2025-11-24,51.11,51.34,50.71,51.27,3241491.0
2025-11-25,51.45,52.03,51.29,51.9,3693639.0
2025-11-26,51.99,52.5,51.97,52.3,2214727.0
2025-11-28,52.46,52.9,52.39,52.68,1195743.0
2025-12-01,52.43,52.75,52.21,52.25,1829066.0
2025-12-02,52.37,52.49,52.02,52.21,2095239.0
2025-12-03,52.29,52.95,52.24,52.89,2157185.0
2025-12-04,52.93,53.25,52.83,53.0,2114476.0
2025-12-05,52.89,53.28,52.82,53.02,1726666.0
2025-12-08,53.02,53.03,52.64,52.85,1804291.0
2025-12-09,52.88,53.3,52.61,52.64,2820581.0
2025-12-10,52.63,53.42,52.57,53.23,2761733.0
2025-12-11,53.33,54.31,53.33,54.22,3507812.0
2025-12-12,54.47,54.53,54.05,54.28,4077700.0
2025-12-15,54.52,54.64,54.16,54.35,2929535.0
2025-12-16,54.38,54.5,53.83,53.97,2063210.0
2025-12-17,54.13,54.41,53.93,53.97,2174550.0
2025-12-18,54.12,54.35,53.7,53.87,2162458.0
2025-12-19,53.93,54.35,53.93,54.19,2379502.0
2025-12-22,54.27,54.96,54.27,54.84,2149738.0
2025-12-23,54.89,55.08,54.86,54.95,2057160.0
2025-12-24,55.03,55.4,54.93,55.23,936526.0
2025-12-26,55.27,55.31,54.96,55.13,1279723.0
2025-12-29,55.15,55.2,54.79,54.85,3331701.0
2025-12-30,54.9,54.9,54.67,54.71,1001935.0
2025-12-31,54.75,54.78,54.28,54.3,1407264.0
2026-01-02,54.39,54.52,53.87,54.47,2278175.0
2026-01-05,54.35,56.02,54.35,55.66,3028612.0
2026-01-06,55.58,56.03,55.51,55.92,2375754.0
2026-01-07,55.74,55.85,55.07,55.12,2505318.0
2026-01-08,54.96,55.76,54.93,55.43,1899909.0
2026-01-09,55.46,55.68,55.25,55.25,1710447.0
2026-01-12,54.56,54.88,54.37,54.8,2525019.0
2026-01-13,54.68,54.75,53.69,53.78,4398919.0
2026-01-14,53.56,53.71,53.23,53.7,4259767.0
2026-01-15,53.76,54.22,53.75,53.9,3132144.0
2026-01-16,53.89,54.28,53.83,53.95,2420722.0
2026-01-20,53.14,53.64,52.65,52.74,4149777.0
2026-01-21,52.91,53.36,52.78,52.99,3290033.0
2026-01-22,53.23,53.59,53.17,53.34,3054181.0
2026-01-23,53.04,53.04,52.43,52.61,3787620.0
2026-01-26,52.64,53.08,52.64,52.96,1849869.0
2026-01-27,52.86,52.95,52.39,52.54,1897925.0
2026-01-28,52.48,52.74,52.31,52.51,2314415.0
2026-01-29,52.86,53.16,52.54,53.08,3092796.0
2026-01-30,52.95,53.18,52.56,53.0,2801380.0
2026-02-02,52.99,53.62,52.74,53.54,2537415.0
2026-02-03,53.32,53.69,52.71,53.05,3754409.0
2026-02-04,53.07,53.71,52.94,53.48,3613942.0
2026-02-05,53.44,53.59,52.72,52.82,3438219.0
2026-02-06,53.39,53.88,53.38,53.78,3593402.0
2026-02-09,53.61,53.92,53.44,53.46,2047467.0
2026-02-10,53.26,53.79,52.66,53.07,3662925.0
2026-02-11,53.23,53.46,52.24,52.28,3776418.0
2026-02-12,52.46,52.65,50.99,51.24,6630694.0
2026-02-13,51.1,51.47,50.83,51.22,3466863.0
2026-02-17,51.37,51.95,51.37,51.74,3710988.0
2026-02-18,51.92,52.33,51.85,52.13,2946494.0
2026-02-19,51.73,51.92,51.3,51.7,2742361.0
2026-02-20,51.59,52.04,51.29,52.04,3741910.0
2026-02-23,51.74,52.0,50.21,50.3,6312022.0
2026-02-24,50.01,50.73,49.82,50.53,4651503.0
2026-02-25,50.85,51.44,50.73,51.39,3229957.0
2026-02-26,51.54,52.2,51.54,52.04,4526034.0
2026-02-27,51.32,51.61,50.57,51.0,6874244.0
2026-03-02,50.17,51.18,50.03,50.86,4883102.0
2026-03-03,49.89,51.1,49.65,50.79,5026275.0
2026-03-04,50.89,51.2,50.64,51.07,2972909.0
2026-03-05,50.81,51.37,50.47,50.81,3744242.0
2026-03-06,50.02,50.18,49.33,50.14,6551602.0
2026-03-09,49.47,50.08,48.76,49.9,5264413.0
2026-03-10,49.94,50.24,49.33,49.63,4211907.0
2026-03-11,49.52,49.69,48.81,49.22,3146572.0
2026-03-12,48.59,48.79,48.38,48.42,5165456.0
2026-03-13,48.69,49.03,48.43,48.46,3640477.0
2026-03-16,48.88,49.3,48.69,48.89,4057501.0
2026-03-17,49.28,49.75,49.09,49.14,3089504.0
2026-03-18,48.94,49.28,48.5,48.55,2782658.0
2026-03-19,48.33,48.75,48.1,48.56,3477211.0
2026-03-20,48.55,48.92,48.38,48.66,3525752.0
2026-03-23,49.53,49.69,49.06,49.1,4058113.0
2026-03-24,48.62,49.41,48.62,49.11,3527312.0
2026-03-25,49.41,49.78,48.82,49.17,2550566.0
2026-03-26,48.92,49.31,48.71,48.87,2858153.0
2026-03-27,48.65,48.66,47.5,47.63,4578848.0
2026-03-30,48.07,48.55,47.93,48.18,3103679.0
2026-03-31,48.73,49.28,48.34,49.21,4432581.0
2026-04-01,49.63,49.67,48.98,49.22,3432097.0
2026-04-02,48.65,49.63,48.44,49.37,2226667.0
2026-04-06,49.36,49.83,49.28,49.72,1789235.0
2026-04-07,49.44,49.84,49.34,49.72,2230881.0
2026-04-08,50.98,51.3,50.79,51.01,3040814.0
2026-04-09,50.8,51.36,50.62,51.14,1872168.0
2026-04-10,51.05,51.09,50.46,50.59,1910490.0
2026-04-13,50.31,51.48,50.25,51.46,1843933.0
2026-04-14,51.44,51.72,51.27,51.59,1934326.0
2026-04-15,51.9,52.15,51.65,51.98,1859189.0
2026-04-16,51.91,52.2,51.74,51.86,1582198.0
2026-04-17,52.15,52.79,52.13,52.26,2374013.0
2026-04-20,52.15,52.57,52.14,52.45,1081939.0
2026-04-21,52.53,53.0,52.02,52.11,1748598.0
2026-04-22,52.3,52.46,51.89,52.01,1220832.0
2026-04-23,51.93,51.98,51.12,51.6,2180601.0
2026-04-24,51.44,51.48,51.15,51.27,1610050.0
2026-04-27,51.16,51.72,51.15,51.62,1309327.0
2026-04-28,52.03,52.18,51.62,51.68,1394252.0
2026-04-29,51.95,52.12,51.52,51.73,1327983.0
2026-04-30,51.34,52.06,51.02,51.97,2023900.0
2026-05-01,52.23,52.42,51.75,51.76,2212347.0
2026-05-04,51.62,52.0,51.32,51.41,2227501.0
2026-05-05,51.39,51.58,51.2,51.4,1286259.0
2026-05-06,51.72,52.05,51.59,51.64,2707700.0
2026-05-07,51.58,51.89,51.24,51.36,2813305.0
2026-05-08,51.48,51.55,50.97,51.06,1811408.0
2026-05-11,51.07,51.28,50.78,51.0,1540237.0
2026-05-12,51.01,51.51,50.64,51.39,2620121.0
2026-05-13,51.02,51.14,50.78,50.82,2231904.0
2026-05-14,51.07,51.31,50.92,51.11,2105407.0
2026-05-15,51.15,51.31,50.86,50.94,2019217.0
2026-05-18,50.86,51.61,50.79,51.55,2366617.0
2026-05-19,51.46,51.6,50.88,50.94,2332759.0
2026-05-20,51.07,51.53,50.6,51.47,3178888.0
2026-05-21,51.32,51.64,51.04,51.57,1956605.0
2026-05-22,51.72,51.99,51.66,51.75,1328809.0
2026-05-26,51.8,52.04,51.55,51.68,1261082.0
2026-05-27,51.56,51.8,51.13,51.26,2528131.0
2026-05-28,51.06,51.32,50.84,51.1,2854713.0
2026-05-29,51.13,51.6,50.99,51.39,2584465.0
2026-06-01,51.03,51.41,51.02,51.25,2135474.0
2026-06-02,51.05,51.48,50.8,51.29,2429163.0
2026-06-03,50.94,50.97,50.34,50.69,3628045.0
2026-06-04,51.32,52.11,51.32,52.02,3744183.0
2026-06-05,52.21,52.29,51.89,52.11,3666002.0
2026-06-08,52.06,52.29,51.78,51.8,3104706.0
2026-06-09,51.97,52.52,51.87,52.29,4049069.0
2026-06-10,52.28,52.62,52.04,52.05,2430304.0
2026-06-11,52.16,52.58,51.86,52.44,3759423.0
2026-06-12,52.75,53.36,52.64,53.16,3895782.0
2026-06-15,53.58,53.78,53.29,53.37,2826539.0
2026-06-16,53.82,54.23,53.66,54.16,3214455.0
2026-06-17,54.09,54.7,53.73,53.87,3639797.0
2026-06-18,54.35,54.41,53.28,53.37,2297847.0
2026-06-22,53.61,54.01,53.58,53.68,1732603.0
2026-06-23,53.62,54.025,53.49,53.86,2028303.0
2026-06-24,53.86,54.1,53.545,53.72,2817013.0
2026-06-25,53.91,54.67,53.4,53.46,2300411.0
2026-06-26,53.57,53.94,53.21,53.55,2354921.0
2026-06-29,53.71,54.02,53.685,53.7,2009166.0
2026-06-30,53.67,53.845,53.4,53.61,1985134.0
2026-07-01,53.825,55.08,53.75,54.79,3008158.0
2026-07-02,55.28,55.64,55.005,55.615,3143982.0
2026-07-06,55.795,56.16,55.58,56.15,2212524.0
2026-07-07,56.3,56.58,56.01,56.04,1814629.0
2026-07-08,55.78,55.785,54.955,54.97,3392835.0
2026-07-09,55.07,55.685,54.975,55.535,1803230.0
2026-07-10,55.94,56.01,55.37,55.705,1640503.0
2026-07-13,55.975,56.155,55.61,56.055,2998690.0
2026-07-14,55.675,56.8,55.6,56.18,3285707.0
2026-07-15,56.34,56.815,56.19,56.535,3002240.0
2026-07-16,56.73,56.835,56.39,56.75,1955266.0
2026-07-17,56.465,56.935,56.125,56.25,3413430.0
2026-07-20,56.335,56.375,55.89,56.05,1648338.0
2026-07-21,55.995,56.335,55.72,56.11,1480032.0
2026-07-22,56.165,56.26,55.915,56.04,1967759.0
2026-07-23,55.695,55.855,55.46,55.84,1984081.0
2026-07-24,55.86,56.375,55.69,56.325,2206179.0
2026-07-27,56.76,57.125,56.59,56.9,2294740.0
2026-07-28,57.08,57.6,56.95,57.58,2900061.0
2026-07-29,57.26,57.45,56.585,56.68,4134941.0
2026-07-30,56.84,57.05,56.195,57.0,2882872.0
2026-07-31,56.91,57.12,56.69,56.93,1945777.0
2026-08-03,57.26,57.55,57.01,57.365,1887513.0
2026-08-04,57.215,58.01,57.2,57.86,2066970.0
2026-08-05,58.17,58.4,57.8,58.01,2187598.0
2026-08-06,58.34,58.36,57.595,57.81,2168402.0
2026-08-07,57.625,57.785,57.34,57.61,1907926.0
2026-08-10,57.545,58.015,57.46,57.82,2391229.0
2026-08-11,57.79,58.09,57.725,57.8,1263531.0
2026-08-12,57.82,57.995,57.68,57.91,1394613.0
2026-08-13,58.21,58.305,57.755,58.25,1713350.0
2026-08-14,58.215,58.29,58.06,58.16,2728818.0
2026-08-17,57.95,58.26,57.55,57.58,2312553.0
2026-08-18,57.66,57.97,57.57,57.845,2160165.0
2026-08-19,57.895,58.195,57.425,57.49,2813041.0
2026-08-20,57.435,57.655,56.91,56.94,3238584.0
2026-08-21,57.295,57.695,57.245,57.495,1572613.0
2026-08-24,57.685,58.375,57.66,58.205,2469236.0
2026-08-25,58.205,58.355,57.87,58.3,2303744.0
2026-08-26,58.255,58.375,58.04,58.25,1763357.0
2026-08-27,57.895,58.225,57.73,57.885,1814733.0
2026-08-28,58.055,58.41,57.93,58.09,2115379.0
2026-08-31,57.885,57.925,57.69,57.71,2340817.0
2026-09-01,57.58,57.965,57.135,57.21,2825295.0
2026-09-02,57.4,58.22,57.32,57.65,2569908.0
2026-09-03,58.025,58.595,57.99,58.54,2548406.0
2026-09-04,58.04,58.37,57.92,58.1,1870693.0
